GeneID,Column1,log2(FC),P-adj,Column2,Column3,Column4,,,,,,,
FBgn0026562,Gene name,-2.38E+00,4.84E-175,,,,,,,,,,
FBgn0039155,SPARC,-4.08E+00,2.81E-171,,,,,,,,,,
FBgn0003360,Kal1,-3.00E+00,2.81E-171,,,,,,,,,,
FBgn0025111,,2.68E+00,2.23E-157,,,,,,,,,Ant2,
FBgn0029167,sesB,-2.11E+00,2.13E-115,,,,,,,,,,
FBgn0039827,Ant2,-3.37E+00,1.45E-84,,,,,,,,,,
FBgn0035085,Hml,-2.42E+00,1.81E-84,,,,,,,,,,
FBgn0264475,CG1544,-2.31E+00,1.40E-66,,,,,,,,,,
FBgn0034736,CG3770,-2.93E+00,1.48E-62,,,,,,,,,,
FBgn0000071,,2.34E+00,3.50E-56,,,,,,,,,Ama,
FBgn0029896,lncRNA:CR43883,-2.17E+00,2.25E-53,,,,,,,,,,
FBgn0038832,gas,-2.28E+00,8.76E-40,,,,,,,,,,
FBgn0027279,Ama,-1.16E+00,8.85E-39,,,,,,,,,,
FBgn0035189,,2.36E+00,1.59E-35,,,,,,,,,CG9119,
FBgn0001226,,1.56E+00,1.07E-33,,,,,,,,,Hsp27,
FBgn0040091,CG3168,-1.46E+00,1.40E-33,,,,,,,,,,
FBgn0040099,CG15695,-1.64E+00,1.48E-33,,,,,,,,,,
FBgn0023479,l(1)G0196,-1.43E+00,1.03E-32,,,,,,,,,,
FBgn0264753,CG9119,-2.43E+00,1.59E-32,,,,,,,,,,
FBgn0011260,,1.94E+00,2.85E-32,,,,,,,,,Sema2a,
FBgn0039419,Hsp27,-1.12E+00,7.37E-32,,,,,,,,,,
FBgn0262733,,1.83E+00,6.92E-30,,,,,,,,,Src64B,
FBgn0261552,Ugt317A1,-1.62E+00,1.43E-29,,,,,,,,,,
FBgn0033913,lectin-28C,-1.13E+00,1.14E-28,,,,,,,,,,
FBgn0037754,teq,-1.96E+00,3.24E-28,,,,,,,,,,
FBgn0085359,Rgk1,-2.61E+00,5.07E-28,,,,,,,,,,
FBgn0024288,Sema2a,-2.55E+00,1.98E-27,,,,,,,,,,
FBgn0031150,,1.18E+00,6.45E-27,,,,,,,,,bves,
FBgn0052407,CG12290,-1.81E+00,6.89E-27,,,,,,,,,,
FBgn0051092,,1.89E+00,1.53E-26,,,,,,,,,LpR2,
FBgn0051363,,9.27E-01,4.46E-26,,,,,,,,,Jupiter,
FBgn0034010,Src64B,-1.33E+00,5.08E-25,,,,,,,,,,
FBgn0283658,ps,-1.08E+00,5.96E-25,,,,,,,,,,
FBgn0035147,CG8468,-1.12E+00,5.45E-24,,,,,,,,,,
FBgn0264437,,2.09E+00,5.73E-24,,,,,,,,,lncRNA:CR43855,
FBgn0261673,,2.25E+00,1.66E-23,,,,,,,,,nemy,
FBgn0003748,,1.04E+00,2.68E-23,,,,,,,,,Treh,
FBgn0001224,,1.34E+00,3.27E-23,,,,,,,,,Hsp23,
FBgn0040827,CG8500,-1.66E+00,6.81E-23,,,,,,,,,,
FBgn0037468,,9.10E-01,9.41E-23,,,,,,,,,CG1943,
FBgn0261596,CG34330,-1.04E+00,1.80E-22,,,,,,,,,,
FBgn0283437,,1.37E+00,2.45E-22,,,,,,,,,PPO1,
FBgn0037290,,2.12E+00,2.30E-21,,,,,,,,,CG1124,
FBgn0016715,Sox100B,-1.83E+00,2.30E-21,,,,,,,,,,
FBgn0039109,bves,-1.24E+00,3.26E-21,,,,,,,,,,
FBgn0063649,CG32407,-1.14E+00,1.89E-19,,,,,,,,,,
FBgn0050147,,-9.39E-01,2.15E-19,,,,,,,,,Hil,
FBgn0038149,,1.01E+00,2.16E-19,,,,,,,,,GILT1,
FBgn0032405,,1.874240796,9.46E-19,,,,,,,,,firl,
FBgn0053307,LpR2,-1.29E+00,1.20E-18,,,,,,,,,,
FBgn0260011,,1.82E+00,1.62E-18,,,,,,,,,NimC4,
FBgn0001137,Jupiter,-1.25E+00,1.70E-18,,,,,,,,,,
FBgn0259715,CG8157,-1.55E+00,2.22E-18,,,,,,,,,,
FBgn0003137,,8.65E-01,3.43E-18,,,,,,,,,Ppn,
FBgn0261584,muc,-1.70E+00,6.47E-18,,,,,,,,,,
FBgn0001225,,1.209925913,7.26E-18,,,,,,,,,Hsp26,
FBgn0031322,Gale,-1.308539709,7.88E-18,,,,,,,,,,
FBgn0024315,lncRNA:CR43855,-1.785525262,8.13E-18,,,,,,,,,,
FBgn0039464,,0.993489153,1.12E-17,,,,,,,,,CG6330,
FBgn0040271,,9.09E-01,1.71E-17,,,,,,,,,Sulf1,
FBgn0051523,,-7.55E-01,8.36E-17,,,,,,,,,CG31523,
FBgn0033367,,1.25E+00,9.44E-17,,,,,,,,,PPO2,
FBgn0002868,nemy,-1.660838898,1.51E-16,,,,,,,,,,
FBgn0000406,Treh,-1.65E+00,2.74E-16,,,,,,,,,,
FBgn0039257,Hsp23,-1.02E+00,5.59E-16,,,,,,,,,,
FBgn0036985,CG13315,-1.20371908,6.97E-16,,,,,,,,,,
FBgn0261800,,-0.727402451,7.24E-16,,,,,,,,,LanB1,
FBgn0265276,,1.53518831,7.76E-16,,,,,,,,,l(3)neo38,
FBgn0001258,,0.857376838,1.08E-15,,,,,,,,,Ldh,
FBgn0030237,,-8.96E-01,1.25E-15,,,,,,,,,CG15209,
FBgn0262057,,-9.34E-01,2.01E-15,,,,,,,,,Spn77Ba,
FBgn0031449,,-8.42E-01,4.29E-15,,,,,,,,,CG31689,
FBgn0063498,CG1943,-1.22E+00,4.67E-15,,,,,,,,,,
FBgn0032004,RpS24,-1.079639501,7.07E-15,,,,,,,,,,
FBgn0267992,PPO1,-1.52E+00,7.92E-15,,,,,,,,,,
FBgn0033635,,1.077459075,8.01E-15,,,,,,,,,Prip,
FBgn0031327,,1.105425698,9.59E-15,,,,,,,,,CG5397,
FBgn0051642,,1.556539511,1.69E-14,,,,,,,,,CG31642,
FBgn0030041,CG1124,-1.81E+00,2.04E-14,,,,,,,,,,
FBgn0037239,,-8.63E-01,2.27E-14,,,,,,,,,Sfxn1-3,
FBgn0039479,,1.29E+00,3.13E-14,,,,,,,,,CG14257,
FBgn0051038,,-0.915175635,3.90E-14,,,,,,,,,CG31038,
FBgn0263232,,1.16E+00,4.83E-14,,,,,,,,,Nxf3,
FBgn0037153,,1.44E+00,6.45E-14,,,,,,,,,olf413,
FBgn0031805,,-8.69E-01,6.84E-14,,,,,,,,,Nepl4,
FBgn0024491,,0.974297565,1.03E-13,,,,,,,,,Bin1,
FBgn0034885,,1.338939413,2.77E-13,,,,,,,,,Eglp4,
FBgn0052521,,-0.809009256,3.16E-13,,,,,,,,,CG32521,
FBgn0034389,Reg-2,-1.54E+00,5.04E-13,,,,,,,,,,
FBgn0000116,,1.07E+00,9.49E-13,,,,,,,,,Argk,
FBgn0027580,,-8.73E-01,2.28E-12,,,,,,,,,PCB,
FBgn0051195,,7.68E-01,3.09E-12,,,,,,,,,CG31195,
FBgn0032598,,9.98E-01,3.70E-12,,,,,,,,,ChLD3,
FBgn0051337,,-0.937343355,5.11E-12,,,,,,,,,CG31337,
FBgn0050069,,-8.36E-01,1.45E-11,,,,,,,,,CG30069,
FBgn0013763,,-6.65E-01,1.57E-11,,,,,,,,,Idgf6,
FBgn0034638,,-8.62E-01,1.71E-11,,,,,,,,,CG10433,
FBgn0261560,,-0.84443739,2.41E-11,,,,,,,,,Thor,
FBgn0023549,CG10365,-1.272817838,3.07E-11,,,,,,,,,,
FBgn0040398,,-7.85E-01,4.28E-11,,,,,,,,,CG14629,
FBgn0036373,,-0.957591714,4.44E-11,,,,,,,,,Tgi,
FBgn0036299,,0.82537333,4.48E-11,,,,,,,,,Tsf2,
FBgn0004369,,-8.02E-01,5.07E-11,,,,,,,,,Ptp99A,
FBgn0036684,,-0.797578675,5.70E-11,,,,,,,,,CG3764,
FBgn0040388,,-0.930558137,6.44E-11,,,,,,,,,boi,
FBgn0022160,,-8.78E-01,6.95E-11,,,,,,,,,Gpo1,
FBgn0051431,,-0.697364944,7.01E-11,,,,,,,,,CG31431,
FBgn0261284,,1.55E+00,8.88E-11,,,,,,,,,bou,
FBgn0035968,,9.89E-01,9.70E-11,,,,,,,,,Slc45-1,
FBgn0052625,,1.29E+00,9.97E-11,,,,,,,,,CG32625,
FBgn0038528,,1.19951652,1.07E-10,,,,,,,,,CG14326,
FBgn0037683,,-0.8185786,1.09E-10,,,,,,,,,CG18473,
FBgn0030805,,0.90231254,1.37E-10,,,,,,,,,wus,
FBgn0031359,,-0.811298407,1.38E-10,,,,,,,,,Rim2,
FBgn0050463,,1.58E+00,1.42E-10,,,,,,,,,Pgant9,
FBgn0028514,,-0.917612918,1.46E-10,,,,,,,,,CG4793,
FBgn0004396,,9.99E-01,1.50E-10,,,,,,,,,CrebA,
FBgn0053516,,-8.03E-01,1.71E-10,,,,,,,,,dpr3,
FBgn0000567,CG6006,-1.086520362,1.79E-10,,,,,,,,,,
FBgn0034438,,1.40492231,1.94E-10,,,,,,,,,CG9416,
FBgn0038198,,1.523846139,2.29E-10,,,,,,,,,Npc2b,
FBgn0005593,,-6.53E-01,2.75E-10,,,,,,,,,RpL7,
FBgn0032956,,6.10E-01,2.87E-10,,,,,,,,,Cul2,
FBgn0003502,,6.82E-01,3.67E-10,,,,,,,,,Btk29A,
FBgn0031374,,-0.758969905,4.04E-10,,,,,,,,,Wdr62,
FBgn0043364,Hil,-1.008069608,4.31E-10,,,,,,,,,,
FBgn0039714,,-0.644122543,4.32E-10,,,,,,,,,Zip99C,
FBgn0033426,,-0.924015358,4.56E-10,,,,,,,,,CG1814,
FBgn0028990,,-0.719326364,5.69E-10,,,,,,,,,Spn27A,
FBgn0027515,,0.823262549,8.68E-10,,,,,,,,,CG7115,
FBgn0004893,,-0.80777862,8.68E-10,,,,,,,,,bowl,
FBgn0037646,GILT1,-1.55E+00,9.06E-10,,,,,,,,,,
FBgn0034718,,1.142409522,9.08E-10,,,,,,,,,wdp,
FBgn0086365,,-0.555093571,9.42E-10,,,,,,,,,Orct2,
FBgn0028327,,5.98E-01,9.94E-10,,,,,,,,,l(1)G0320,
FBgn0261238,,0.695633861,9.97E-10,,,,,,,,,Alh,
FBgn0031703,firl,-1.39E+00,9.97E-10,,,,,,,,,,
FBgn0038476,,0.653465183,1.11E-09,,,,,,,,,kuk,
FBgn0015371,,-0.922073291,1.28E-09,,,,,,,,,chn,
FBgn0086450,,-5.51E-01,1.28E-09,,,,,,,,,su(r),
FBgn0003076,,0.653325641,1.29E-09,,,,,,,,,Pgm1,
FBgn0259749,,-6.66E-01,1.29E-09,,,,,,,,,mmy,
FBgn0033065,,1.555310413,1.54E-09,,,,,,,,,Cyp6w1,
FBgn0039113,,0.815682512,1.59E-09,,,,,,,,,udt,
FBgn0029801,,-7.58E-01,1.90E-09,,,,,,,,,CG15771,
FBgn0043841,,-6.53E-01,2.04E-09,,,,,,,,,vir-1,
FBgn0024984,,1.17E+00,2.22E-09,,,,,,,,,CG3457,
FBgn0037680,,0.793863568,2.24E-09,,,,,,,,,pasi2,
FBgn0028542,,-0.933754126,2.24E-09,,,,,,,,,NimB4,
FBgn0040752,,-0.800539766,2.26E-09,,,,,,,,,Prosap,
FBgn0266064,,5.55E-01,2.28E-09,,,,,,,,,GlyS,
FBgn0001124,,0.604547583,2.28E-09,,,,,,,,,Got1,
FBgn0038805,,0.698204868,2.72E-09,,,,,,,,,TFAM,
FBgn0004507,,0.82130193,3.31E-09,,,,,,,,,GlyP,
FBgn0036824,,-6.09E-01,3.44E-09,,,,,,,,,CG3902,
FBgn0035150,,0.543823391,3.87E-09,,,,,,,,,Rev1,
FBgn0028473,,-0.562626872,4.12E-09,,,,,,,,,Non1,
FBgn0036663,,-0.663468743,4.30E-09,,,,,,,,,CG9674,
FBgn0044047,,-0.753211542,4.32E-09,,,,,,,,,Ilp6,
FBgn0031547,CG33307,-1.17E+00,4.95E-09,,,,,,,,,,
FBgn0004108,,0.757821106,5.02E-09,,,,,,,,,Nrt,
FBgn0259740,,0.768433217,5.18E-09,,,,,,,,,CG42394,
FBgn0013811,,-8.37E-01,7.81E-09,,,,,,,,,Dhc62B,
FBgn0011274,,-6.86E-01,8.10E-09,,,,,,,,,Dif,
FBgn0063492,,7.28E-01,8.33E-09,,,,,,,,,GstE8,
FBgn0031313,,-0.669145076,8.44E-09,,,,,,,,,CG5080,
FBgn0286071,,0.750270884,9.34E-09,,,,,,,,,AdamTS-A,
FBgn0052412,,-0.630823571,9.34E-09,,,,,,,,,QC,
FBgn0267635,,1.045384767,1.09E-08,,,,,,,,,lncRNA:CR45973,
FBgn0031307,,0.709308531,1.21E-08,,,,,,,,,MFS3,
FBgn0033775,,1.385518065,1.21E-08,,,,,,,,,Cyp9h1,
FBgn0250867,,7.72E-01,1.25E-08,,,,,,,,,CG42238,
FBgn0030529,,-0.538642827,1.43E-08,,,,,,,,,Clic,
FBgn0038865,,-0.913893019,1.57E-08,,,,,,,,,cDIP,
FBgn0005640,,0.624001295,1.60E-08,,,,,,,,,Eip63E,
FBgn0011722,,-0.597171272,1.65E-08,,,,,,,,,Tig,
FBgn0263873,,-8.71E-01,1.78E-08,,,,,,,,,sick,
FBgn0027594,,-0.555389564,1.86E-08,,,,,,,,,drpr,
FBgn0030037,,0.652344712,2.10E-08,,,,,,,,,Miga,
FBgn0025678,,4.97E-01,2.12E-08,,,,,,,,,CaBP1,
FBgn0039809,,-0.822367455,2.29E-08,,,,,,,,,CG15547,
FBgn0033724,,1.15E+00,2.34E-08,,,,,,,,,CG8501,
FBgn0260745,,-0.570925871,2.60E-08,,,,,,,,,mfas,
FBgn0013272,,-4.78E-01,2.63E-08,,,,,,,,,Gp150,
FBgn0026376,,-8.85E-01,2.71E-08,,,,,,,,,Rgl,
FBgn0035344,NimC4,-1.233925905,2.84E-08,,,,,,,,,,
FBgn0262620,,9.59E-01,3.21E-08,,,,,,,,,lncRNA:CR43144,
FBgn0267252,grk,-1.13E+00,3.22E-08,,,,,,,,,,
FBgn0038877,,-0.639341472,3.62E-08,,,,,,,,,CG3308,
FBgn0261808,,-7.97E-01,3.62E-08,,,,,,,,,cu,
FBgn0027949,,0.600432604,3.67E-08,,,,,,,,,msb1l,
FBgn0026721,,-6.99E-01,3.71E-08,,,,,,,,,fat-spondin,
FBgn0032638,CG42369,-1.15001461,3.77E-08,,,,,,,,,,
FBgn0010591,,-0.648627251,3.78E-08,,,,,,,,,Sply,
FBgn0020257,,-0.634936972,3.89E-08,,,,,,,,,Ppa,
FBgn0086355,,0.63503174,4.27E-08,,,,,,,,,Tpi,
FBgn0266005,,-0.841096814,4.50E-08,,,,,,,,,lncRNA:CR44779,
FBgn0034354,,0.836998592,5.37E-08,,,,,,,,,GstE11,
FBgn0031258,Ppn,-1.08E+00,5.93E-08,,,,,,,,,,
FBgn0000299,,0.570406589,6.47E-08,,,,,,,,,Col4a1,
FBgn0035761,,0.682068735,7.24E-08,,,,,,,,,RhoGEF4,
FBgn0033782,CG42694,-1.091834198,7.61E-08,,,,,,,,,,
FBgn0037635,,-0.907131454,8.06E-08,,,,,,,,,CG9837,
FBgn0031689,,0.862398317,8.14E-08,,,,,,,,,Cyp28d1,
FBgn0036007,,7.05E-01,8.17E-08,,,,,,,,,path,
FBgn0267488,,0.603155055,8.40E-08,,,,,,,,,Mcr,
FBgn0032029,,-0.836202541,9.78E-08,,,,,,,,,CG17292,
FBgn0039640,Hsp26,-1.24E+00,1.03E-07,,,,,,,,,,
FBgn0027091,,-0.622566632,1.04E-07,,,,,,,,,CysRS,
FBgn0035266,,0.873394147,1.11E-07,,,,,,,,,Gk2,
FBgn0031913,,-0.716827607,1.11E-07,,,,,,,,,CG5958,
FBgn0035727,,1.208626781,1.13E-07,,,,,,,,,CG10063,
FBgn0035232,,-0.554468917,1.17E-07,,,,,,,,,CG12099,
FBgn0039098,,-0.888102999,1.18E-07,,,,,,,,,GILT3,
FBgn0032036,,-0.557582293,1.27E-07,,,,,,,,,CG13384,
FBgn0001122,,0.683571427,1.46E-07,,,,,,,,,Galphao,
FBgn0030598,,1.337877854,1.46E-07,,,,,,,,,CG9503,
FBgn0003074,,0.580995963,1.58E-07,,,,,,,,,Pgi,
FBgn0031117,,8.35E-01,1.62E-07,,,,,,,,,GstT3,
FBgn0036896,,-7.78E-01,1.66E-07,,,,,,,,,wnd,
FBgn0039613,,-0.542599425,1.75E-07,,,,,,,,,Nepl20,
FBgn0259821,,0.923938282,1.79E-07,,,,,,,,,CG42402,
FBgn0032859,,-4.90E-01,1.96E-07,,,,,,,,,Arpc2,
FBgn0039886,,-0.62335484,2.43E-07,,,,,,,,,CG2003,
FBgn0005660,,0.866604177,2.43E-07,,,,,,,,,Ets21C,
FBgn0263041,CG5001,-1.201355177,2.74E-07,,,,,,,,,,
FBgn0266873,,0.592157044,2.90E-07,,,,,,,,,lncRNA:CR45334,
FBgn0039776,,-0.510851703,2.99E-07,,,,,,,,,PH4alphaEFB,
FBgn0001091,,6.18E-01,3.26E-07,,,,,,,,,Gapdh1,
FBgn0262579,,-0.567990691,3.43E-07,,,,,,,,,Sarm,
FBgn0034400,,-0.528551419,3.43E-07,,,,,,,,,CG15099,
FBgn0010225,,-4.89E-01,4.12E-07,,,,,,,,,Gel,
FBgn0030349,,-0.569767977,4.38E-07,,,,,,,,,CG10353,
FBgn0038660,,-0.517407681,4.57E-07,,,,,,,,,Sgsh,
FBgn0033504,,-6.71E-01,4.59E-07,,,,,,,,,CAP,
FBgn0031516,,0.667558449,4.91E-07,,,,,,,,,CG9663,
FBgn0015568,,0.892371095,5.04E-07,,,,,,,,,alpha-Est1,
FBgn0259224,,0.956099041,5.04E-07,,,,,,,,,CG42324,
FBgn0041629,,0.518892319,6.23E-07,,,,,,,,,Hexo2,
FBgn0032775,,-0.716980192,6.58E-07,,,,,,,,,CG17544,
FBgn0027348,,-0.900872396,6.73E-07,,,,,,,,,bgm,
FBgn0037739,,0.732968069,6.80E-07,,,,,,,,,CG12948,
FBgn0045852,,-0.620682806,7.07E-07,,,,,,,,,ham,
FBgn0285963,,0.515462857,7.46E-07,,,,,,,,,CG46339,
FBgn0020248,,1.265665522,7.55E-07,,,,,,,,,stet,
FBgn0029095,,-4.89E-01,7.94E-07,,,,,,,,,aru,
FBgn0259111,,0.574482479,8.45E-07,,,,,,,,,Ndae1,
FBgn0013680,,1.274223657,1.00E-06,,,,,,,,,mt:ND2,
FBgn0010470,,0.453692303,1.15E-06,,,,,,,,,Fkbp14,
FBgn0000079,Picot,-1.00E+00,1.26E-06,,,,,,,,,,
FBgn0027596,,-7.70E-01,1.39E-06,,,,,,,,,Kank,
FBgn0001114,,-0.536941843,1.41E-06,,,,,,,,,Glt,
FBgn0086906,,6.76E-01,1.74E-06,,,,,,,,,sls,
FBgn0013688,,1.24428187,1.93E-06,,,,,,,,,mt:srRNA,
FBgn0033188,,-0.533855462,1.96E-06,,,,,,,,,Drat,
FBgn0041342,,-0.545022679,1.97E-06,,,,,,,,,Pcyt1,
FBgn0039637,,-5.08E-01,2.02E-06,,,,,,,,,Ctl2,
FBgn0261602,,-0.606259192,2.06E-06,,,,,,,,,RpL8,
FBgn0013576,,-4.73E-01,2.07E-06,,,,,,,,,mtd,
FBgn0036732,,-5.50E-01,2.25E-06,,,,,,,,,Oatp74D,
FBgn0034391,,1.116020468,2.61E-06,,,,,,,,,CG15080,
FBgn0003447,,1.22E+00,2.91E-06,,,,,,,,,sn,
FBgn0264693,,-5.32E-01,3.10E-06,,,,,,,,,ens,
FBgn0052681,,-0.88817131,3.42E-06,,,,,,,,,CG32681,
FBgn0038381,,-0.926611021,3.53E-06,,,,,,,,,EndoU,
FBgn0266452,,-0.631145072,3.78E-06,,,,,,,,,CTPsyn,
FBgn0039593,,1.19E+00,4.17E-06,,,,,,,,,Sid,
FBgn0261278,,4.94E-01,4.59E-06,,,,,,,,,grp,
FBti0062912,,0.910057822,4.86E-06,,,,,,,,,NA,
FBgn0031548,CG6330,-1.167869016,5.05E-06,,,,,,,,,,
FBgn0260486,,-5.90E-01,5.19E-06,,,,,,,,,Ziz,
FBgn0031285,,-0.467156554,5.35E-06,,,,,,,,,CG3662,
FBgn0031055,,-5.72E-01,5.40E-06,,,,,,,,,et,
FBgn0260933,,5.56E-01,5.59E-06,,,,,,,,,rempA,
FBgn0030326,,-9.73E-01,6.00E-06,,,,,,,,,CG2444,
FBgn0013765,,4.60E-01,6.44E-06,,,,,,,,,cnn,
FBgn0267824,,-0.508547355,6.65E-06,,,,,,,,,PRAS40,
FBgn0014869,,0.524496642,7.09E-06,,,,,,,,,Pglym78,
FBgn0266418,,-0.597798945,7.62E-06,,,,,,,,,wake,
FBgn0266801,,0.952268186,7.86E-06,,,,,,,,,CG45263,
FBgn0025628,,-0.500824346,7.86E-06,,,,,,,,,CG4199,
FBgn0010395,,0.826759663,8.29E-06,,,,,,,,,Itgbn,
FBgn0000579,,0.418144586,9.08E-06,,,,,,,,,Eno,
FBgn0003525,,-0.607791124,9.24E-06,,,,,,,,,stg,
FBgn0263916,,4.99E-01,9.30E-06,,,,,,,,,Ent2,
FBgn0265194,,-4.83E-01,9.81E-06,,,,,,,,,Trpm,
FBgn0025836,Sulf1,-1.03E+00,1.00E-05,,,,,,,,,,
FBgn0034067,,0.832041964,1.02E-05,,,,,,,,,CG8399,
FBgn0027561,,-4.80E-01,1.08E-05,,,,,,,,,CG18659,
FBgn0010316,,-6.53E-01,1.10E-05,,,,,,,,,dap,
FBgn0039485,,1.053072345,1.13E-05,,,,,,,,,CG17189,
FBgn0000416,,-3.85E-01,1.19E-05,,,,,,,,,Sap-r,
FBgn0032635,,0.54558518,1.19E-05,,,,,,,,,CG15141,
FBgn0033113,,0.820323641,1.21E-05,,,,,,,,,Spn42Dc,
FBgn0025681,,-0.506881602,1.28E-05,,,,,,,,,CG3558,
FBgn0003317,,4.92E-01,1.29E-05,,,,,,,,,sax,
FBgn0015777,,0.494578021,1.31E-05,,,,,,,,,nrv2,
FBgn0286782,,-0.735198607,1.39E-05,,,,,,,,,flz,
FBgn0265512,CG31523,-1.154861386,1.41E-05,,,,,,,,,,
FBgn0010382,,-0.544877,1.57E-05,,,,,,,,,CycE,
FBgn0259246,,0.750003716,1.58E-05,,,,,,,,,brp,
FBgn0002778,,-0.583636162,1.72E-05,,,,,,,,,mnd,
FBgn0261563,,0.608017121,1.78E-05,,,,,,,,,wb,
FBgn0000146,,0.46710884,1.80E-05,,,,,,,,,aub,
FBgn0033777,,0.502358229,2.58E-05,,,,,,,,,CG17574,
FBgn0027836,,0.510511629,2.62E-05,,,,,,,,,Dgp-1,
FBgn0039381,,0.544923411,2.62E-05,,,,,,,,,SppL,
FBgn0250906,,0.485305541,2.73E-05,,,,,,,,,Pgk,
FBgn0032451,,0.693778564,3.11E-05,,,,,,,,,spict,
FBgn0264305,,0.511522989,3.50E-05,,,,,,,,,CG43783,
FBgn0030662,,0.495606755,3.70E-05,,,,,,,,,CG9220,
FBgn0011259,,0.723639175,4.65E-05,,,,,,,,,Sema1a,
FBgn0033649,,-0.601185005,4.71E-05,,,,,,,,,pyr,
FBgn0010894,,0.765066904,4.71E-05,,,,,,,,,sinu,
FBgn0020493,,-0.672789298,4.72E-05,,,,,,,,,Dad,
FBgn0014906,,-0.43528627,4.84E-05,,,,,,,,,Hydr2,
FBgn0085446,,0.519117033,4.98E-05,,,,,,,,,CG34417,
FBgn0016075,,0.460880032,4.99E-05,,,,,,,,,vkg,
FBgn0035879,,-4.49E-01,5.44E-05,,,,,,,,,GAPcenA,
FBgn0000043,,5.51E-01,5.44E-05,,,,,,,,,Act42A,
FBgn0039101,,-0.793574337,6.16E-05,,,,,,,,,CG16710,
FBgn0011016,,0.469500252,6.17E-05,,,,,,,,,SsRbeta,
FBgn0024150,,-0.581635352,6.36E-05,,,,,,,,,Ac78C,
FBgn0032105,,0.502951243,6.63E-05,,,,,,,,,borr,
FBgn0024250,,-0.683536528,6.81E-05,,,,,,,,,brk,
FBgn0036576,,-0.820522408,6.84E-05,,,,,,,,,CG5151,
FBgn0031888,,0.419064282,7.05E-05,,,,,,,,,Pvf2,
FBgn0000405,,0.507737655,7.40E-05,,,,,,,,,CycB,
FBgn0040290,,-0.505618592,7.48E-05,,,,,,,,,RecQ4,
FBgn0035001,,-0.418535708,7.52E-05,,,,,,,,,Slik,
FBgn0028543,,-0.53733848,7.75E-05,,,,,,,,,NimB2,
FBgn0038720,,0.655899981,7.91E-05,,,,,,,,,CG6231,
FBgn0037607,,0.463382518,7.99E-05,,,,,,,,,CG8036,
FBgn0031489,,0.45818872,7.99E-05,,,,,,,,,CG17224,
FBgn0010097,,0.872747117,9.02E-05,,,,,,,,,gammaTub37C,
FBgn0037223,PPO2,-1.08488786,9.41E-05,,,,,,,,,,
FBgn0028563,,-0.559312966,9.42E-05,,,,,,,,,sut1,
FBgn0010223,,-0.972704206,0.000100131,,,,,,,,,Galphaf,
FBgn0031738,,0.563753174,0.000101274,,,,,,,,,CG9171,
FBgn0032005,,-0.394892603,0.000101449,,,,,,,,,Snx6,
FBgn0000447,,0.52178996,0.000102672,,,,,,,,,Dhod,
FBgn0010222,,-0.548663283,0.00010331,,,,,,,,,Nmdmc,
FBgn0027597,,0.563692647,0.000108123,,,,,,,,,CG17712,
FBgn0033368,,0.967630243,0.000111172,,,,,,,,,CG13743,
FBgn0283680,,0.41757623,0.000111756,,,,,,,,,IP3K2,
FBgn0041180,,-0.429591296,0.000117216,,,,,,,,,Tep4,
FBgn0022338,,-0.45734637,0.000119181,,,,,,,,,dnk,
FBgn0261258,,0.590236493,0.000123168,,,,,,,,,rgn,
FBgn0027865,,0.627623223,0.000129104,,,,,,,,,Tsp96F,
FBgn0046763,,-0.42246347,0.000134093,,,,,,,,,CG17278,
FBgn0087007,,0.853290598,0.000144784,,,,,,,,,bbg,
FBgn0026084,,0.479784521,0.000152298,,,,,,,,,cib,
FBgn0000565,,0.60874877,0.000153706,,,,,,,,,MsrA,
FBgn0037240,,0.500190687,0.000153712,,,,,,,,,Cont,
FBgn0260960,,-0.384512481,0.000159463,,,,,,,,,Baldspot,
FBgn0033926,,0.469922838,0.000163161,,,,,,,,,Arc1,
FBgn0031461,,0.552861959,0.00016533,,,,,,,,,daw,
FBgn0034694,,-0.580845632,0.000170282,,,,,,,,,Plekhm1,
FBgn0051352,,0.595350947,0.000173572,,,,,,,,,Unc-115a,
FBgn0039494,,-0.434949931,0.000180159,,,,,,,,,grass,
FBgn0035020,,-0.655134134,0.000191076,,,,,,,,,CG13585,
FBgn0033079,,-0.604797869,0.000195748,,,,,,,,,Fmo-2,
FBgn0063493,,0.711152548,0.000212339,,,,,,,,,GstE7,
FBgn0027525,,-0.392232654,0.000212417,,,,,,,,,LTV1,
FBgn0037850,,0.568411463,0.000219909,,,,,,,,,CG14695,
FBgn0261547,,-0.53902349,0.00022918,,,,,,,,,Exn,
FBgn0036862,,0.85047212,0.000233157,,,,,,,,,Gbs-76A,
FBgn0031637,,-0.413939309,0.000234552,,,,,,,,,mxt,
FBgn0020386,,-0.404103664,0.000247479,,,,,,,,,Pdk1,
FBgn0035084,,-0.733525515,0.00025434,,,,,,,,,CG15861,
FBgn0033446,,-0.864239709,0.000256809,,,,,,,,,CG1648,
FBgn0004197,,-0.447425337,0.000257906,,,,,,,,,Ser,
FBgn0261545,,-0.513252463,0.000257906,,,,,,,,,CG42663,
FBgn0050085,,-0.423601606,0.000260699,,,,,,,,,Rif1,
FBgn0033362,,-0.765045768,0.000262525,,,,,,,,,CG8172,
FBgn0037844,,0.612151979,0.00026862,,,,,,,,,CG4570,
FBgn0013770,,-0.34104823,0.00026862,,,,,,,,,Cp1,
FBgn0037678,,1.013985044,0.000271962,,,,,,,,,CG16749,
FBgn0259110,,-0.487294521,0.000293642,,,,,,,,,mmd,
FBgn0034476,,-0.795421428,0.000307189,,,,,,,,,Toll-7,
FBgn0038256,,-0.582683853,0.000308251,,,,,,,,,CG7530,
FBgn0262103,,-0.487278105,0.000309894,,,,,,,,,Sik3,
FBgn0032156,,-0.397744423,0.000310638,,,,,,,,,CG13124,
FBgn0259734,,0.657142624,0.000337588,,,,,,,,,Nost,
FBgn0030362,,-0.425312633,0.000337959,,,,,,,,,regucalcin,
FBgn0267727,,0.390909092,0.000342526,,,,,,,,,Pen,
FBgn0265042,,-0.754542283,0.000347267,,,,,,,,,Irk1,
FBgn0022382,,-0.469131927,0.000349854,,,,,,,,,Pka-R2,
FBgn0028490,,-0.423286538,0.000360083,,,,,,,,,CG31705,
FBgn0039026,,-0.413293778,0.000364838,,,,,,,,,CG7029,
FBgn0015795,,-0.427454635,0.000364838,,,,,,,,,Rab7,
FBgn0036752,,0.473426139,0.000376484,,,,,,,,,Adgf-A,
FBgn0086358,,-0.448628367,0.000376484,,,,,,,,,Tab2,
FBgn0027843,,0.536419354,0.000385836,,,,,,,,,CAH2,
FBgn0063667,,0.971451954,0.000386658,,,,,,,,,CG32335,
FBgn0038545,,0.823969603,0.00039536,,,,,,,,,pasi1,
FBgn0030752,,-0.391210675,0.000397529,,,,,,,,,CDC50,
FBgn0264343,,0.966935395,0.000404049,,,,,,,,,CG43799,
FBgn0034398,,-0.389193553,0.000407488,,,,,,,,,CG15098,
FBgn0015576,,-0.713343332,0.000416696,,,,,,,,,alpha-Est8,
FBgn0265048,,-0.366497251,0.000423767,,,,,,,,,cv-d,
FBgn0266377,,-0.40034678,0.000431189,,,,,,,,,Pde8,
FBgn0032899,,-0.53674005,0.000494817,,,,,,,,,CG9338,
FBgn0038237,,-0.99039419,0.000495002,,,,,,,,,Pde6,
FBgn0263336,,-0.828782954,0.000497449,,,,,,,,,lncRNA:CR43417,
FBgn0010786,,0.405782762,0.000500989,,,,,,,,,l(3)02640,
FBgn0023477,,0.443533907,0.000508594,,,,,,,,,Taldo,
FBgn0036641,,0.636097123,0.000508956,,,,,,,,,Smn,
FBgn0029608,,-0.532504996,0.000514155,,,,,,,,,CG3091,
FBgn0270926,,-0.438535004,0.000516812,,,,,,,,,AsnS,
FBgn0002609,,-0.949948125,0.000525007,,,,,,,,,E(spl)m3-HLH,
FBgn0032820,,0.53522492,0.000530135,,,,,,,,,fbp,
FBgn0020414,,-0.397340334,0.000537031,,,,,,,,,Idgf3,
FBgn0041604,,0.544616085,0.000541782,,,,,,,,,dlp,
FBgn0250904,,0.970450958,0.000556298,,,,,,,,,CG34434,
FBgn0032330,,-0.58571904,0.000556714,,,,,,,,,Samuel,
FBgn0027590,,-0.510279727,0.000560682,,,,,,,,,GstE12,
FBgn0011674,,0.764395117,0.00056487,,,,,,,,,insc,
FBgn0086687,,-0.338333716,0.000568068,,,,,,,,,Desat1,
FBgn0000256,,-0.457097469,0.000569348,,,,,,,,,capu,
FBgn0026179,,0.603161275,0.000572959,,,,,,,,,siz,
FBgn0001297,,-0.413329885,0.000590677,,,,,,,,,kay,
FBgn0261444,,0.547909134,0.000590677,,,,,,,,,CG3638,
FBgn0020376,,-0.951812519,0.000596788,,,,,,,,,Sr-CIII,
FBgn0000286,,-0.514746683,0.000614573,,,,,,,,,Cf2,
FBgn0029092,,-0.453688668,0.000617004,,,,,,,,,ced-6,
FBgn0029664,,0.502196276,0.000621226,,,,,,,,,CG10802,
FBgn0052677,,0.910765407,0.000622949,,,,,,,,,X11Lbeta,
FBgn0030052,,-0.381375666,0.000628559,,,,,,,,,CG12065,
FBgn0020618,,-0.422436536,0.000628559,,,,,,,,,Rack1,
FBgn0004652,,-0.556840359,0.000633957,,,,,,,,,fru,
FBgn0051361,,0.536449335,0.000703705,,,,,,,,,dpr17,
FBgn0033363,,-0.781180033,0.000709177,,,,,,,,,CG13744,
FBgn0011606,,0.409090959,0.000714736,,,,,,,,,Klp3A,
FBgn0011710,,0.358368077,0.000714736,,,,,,,,,Sep-01,
FBgn0003891,,-0.40811691,0.000742515,,,,,,,,,tud,
FBgn0003507,,-0.415844472,0.000745899,,,,,,,,,srp,
FBgn0042094,,-0.735736168,0.000758585,,,,,,,,,Adk3,
FBgn0265419,,-0.628489965,0.000760807,,,,,,,,,lncRNA:CR44331,
FBgn0262081,,0.367870103,0.000786991,,,,,,,,,Csk,
FBgn0038290,,-0.43294569,0.000788376,,,,,,,,,CG6912,
FBgn0051637,,-0.417215198,0.000788938,,,,,,,,,CG31637,
FBgn0029114,,-0.410019886,0.000795705,,,,,,,,,Tollo,
FBgn0034501,,-0.494619173,0.00079994,,,,,,,,,CG13868,
FBgn0023507,,-0.455212109,0.000823407,,,,,,,,,D2hgdh,
FBgn0033268,,0.794464117,0.000827116,,,,,,,,,Obp44a,
FBgn0035523,,0.938190068,0.000845502,,,,,,,,,Ctl1,
FBgn0031012,,-0.426778445,0.000852497,,,,,,,,,CG8051,
FBgn0010228,,0.458743658,0.000888544,,,,,,,,,HmgZ,
FBgn0052311,,-0.535419032,0.000900824,,,,,,,,,zormin,
FBgn0026189,,0.388056372,0.000925763,,,,,,,,,promL,
FBgn0030993,,-0.417320389,0.000928172,,,,,,,,,Mec2,
FBgn0028939,,-0.95056692,0.000932362,,,,,,,,,NimC2,
FBgn0013548,,-0.469145983,0.000956148,,,,,,,,,l(2)dtl,
FBgn0035091,,0.503365853,0.000956148,,,,,,,,,CG3829,
FBgn0028331,,-0.390919403,0.000997,,,,,,,,,l(1)G0289,
FBgn0033448,,-0.509616406,0.001018041,,,,,,,,,hebe,
FBgn0035165,,0.349532383,0.001068212,,,,,,,,,CG13887,
FBgn0015801,,-0.414103876,0.00111777,,,,,,,,,Reg-5,
FBgn0031049,,0.638557575,0.001119946,,,,,,,,,Sec61gamma,
FBgn0038815,,0.620887108,0.001159998,,,,,,,,,CG5466,
FBgn0032400,,-0.677510986,0.001190979,,,,,,,,,CG6770,
FBgn0010300,,-0.388085897,0.001209528,,,,,,,,,brat,
FBgn0053556,,0.779131606,0.001211134,,,,,,,,,form3,
FBgn0033128,,-0.507068192,0.001211134,,,,,,,,,Tsp42Eg,
FBgn0000490,,0.716053657,0.00125057,,,,,,,,,dpp,
FBgn0264895,,0.692892716,0.001283132,,,,,,,,,RapGAP1,
FBgn0035710,,0.912913627,0.001318027,,,,,,,,,SP1173,
FBgn0033033,,-0.375640108,0.001332232,,,,,,,,,scaf,
FBgn0038049,,0.442725957,0.001348308,,,,,,,,,Srlp,
FBgn0015522,,-0.733368241,0.001348308,,,,,,,,,olf186-M,
FBgn0029002,,0.899996883,0.001373484,,,,,,,,,miple2,
FBgn0035390,,0.393659124,0.001379094,,,,,,,,,scramb2,
FBgn0038261,,0.912879643,0.001404852,,,,,,,,,CG14856,
FBgn0031268,,0.695865753,0.001455815,,,,,,,,,cold,
FBgn0030863,,0.377190351,0.001459083,,,,,,,,,CG8188,
FBgn0033402,,-0.402331577,0.001553151,,,,,,,,,Myd88,
FBgn0003041,,0.390980193,0.00160577,,,,,,,,,pbl,
FBgn0031538,,0.574662199,0.00160577,,,,,,,,,CG3246,
FBgn0039869,,0.395526921,0.001606532,,,,,,,,,CG1890,
FBgn0028397,,-0.59161984,0.00160717,,,,,,,,,Tob,
FBgn0052529,,-0.371827696,0.001626002,,,,,,,,,Hers,
FBgn0036560,,0.91229091,0.001639133,,,,,,,,,CG5895,
FBgn0038912,,-0.496198242,0.001644295,,,,,,,,,CG6656,
FBgn0031148,,0.461435573,0.001651786,,,,,,,,,Cbs,
FBgn0025740,,-0.539789253,0.001730602,,,,,,,,,PlexB,
FBgn0265274,,0.865713309,0.001736777,,,,,,,,,Inx3,
FBgn0021795,,0.379953595,0.001765084,,,,,,,,,Tapdelta,
FBgn0250785,,0.402599003,0.001810497,,,,,,,,,vari,
FBgn0034804,,-0.88906356,0.001871735,,,,,,,,,CG3831,
FBgn0038804,,0.696041985,0.001889845,,,,,,,,,CG10877,
FBgn0039178,,0.890049173,0.001889845,,,,,,,,,CG6356,
FBgn0027375,,-0.450852636,0.001903827,,,,,,,,,RecQ5,
FBgn0026372,,-0.337072437,0.001939449,,,,,,,,,RpL23A,
FBgn0263042,,-0.867673608,0.001969929,,,,,,,,,CG43337,
FBgn0001977,,0.420480517,0.001969929,,,,,,,,,CIAPIN1,
FBgn0053138,,0.412372963,0.001986394,,,,,,,,,AGBE,
FBgn0036770,,-0.380005349,0.001990098,,,,,,,,,Prestin,
FBgn0032436,,0.888675609,0.002011448,,,,,,,,,CG5418,
FBgn0259714,,-0.750500489,0.002092598,,,,,,,,,DIP-epsilon,
FBgn0027578,,-0.52766151,0.002097252,,,,,,,,,Nepl21,
FBgn0015903,,-0.466237442,0.002097252,,,,,,,,,apt,
FBgn0003557,,-0.338975444,0.002134356,,,,,,,,,Su(dx),
FBgn0011206,,-0.598184602,0.002135688,,,,,,,,,bol,
FBgn0036449,,0.371929128,0.002166309,,,,,,,,,bmm,
FBgn0262870,,-0.888696607,0.002166309,,,,,,,,,axo,
FBgn0038088,,-0.549044469,0.002171941,,,,,,,,,CG10126,
FBgn0032482,,-0.345204679,0.002178599,,,,,,,,,Pect,
FBgn0031769,,0.352652487,0.00218996,,,,,,,,,CG9135,
FBgn0037222,,-0.576280634,0.002206166,,,,,,,,,CG14642,
FBgn0028434,,0.755528906,0.002238936,,,,,,,,,Ercc1,
FBgn0039651,,0.762895931,0.002245665,,,,,,,,,Cyt-c1L,
FBgn0263118,,0.47332097,0.002290956,,,,,,,,,tx,
FBgn0037046,,0.890820311,0.002290956,,,,,,,,,CG10581,
FBgn0264702,,0.799603262,0.002290956,,,,,,,,,asRNA:CR43971,
FBgn0266421,,0.495508566,0.002295946,,,,,,,,,RPA3,
FBgn0034793,,0.500898548,0.002334617,,,,,,,,,asrij,
FBgn0001206,,0.424578589,0.002355022,,,,,,,,,Hmr,
FBgn0051116,,0.591132412,0.002382824,,,,,,,,,ClC-a,
FBgn0032601,,-0.711793991,0.002382824,,,,,,,,,yellow-b,
FBgn0011592,,0.448038448,0.002385449,,,,,,,,,fra,
FBgn0020391,,0.549250371,0.002388956,,,,,,,,,Nrk,
FBgn0032078,,0.352761936,0.002436702,,,,,,,,,C1GalTA,
FBgn0036059,,-0.446809305,0.002437778,,,,,,,,,nudE,
FBgn0039804,,-0.419140667,0.002438296,,,,,,,,,CG15544,
FBgn0035312,,-0.568590087,0.002461466,,,,,,,,,CG15820,
FBgn0039644,,0.398943693,0.002467129,,,,,,,,,rdog,
FBgn0039876,,0.54550666,0.002497759,,,,,,,,,CG2126,
FBgn0026150,,0.384932433,0.00250929,,,,,,,,,ApepP,
FBgn0028325,,-0.368402716,0.002526872,,,,,,,,,Pdha,
FBgn0035285,,0.376212525,0.00257285,,,,,,,,,CG12025,
FBgn0050185,,0.452454933,0.002645774,,,,,,,,,AIMP3,
FBgn0051955,,-0.475655927,0.002667769,,,,,,,,,CG31955,
FBgn0030672,,-0.372760987,0.002677371,,,,,,,,,CG9281,
FBgn0038595,,-0.641111532,0.002813795,,,,,,,,,CG7142,
FBgn0032881,,0.579315845,0.002858031,,,,,,,,,Amacr,
FBgn0265140,,0.332643921,0.002918302,,,,,,,,,Meltrin,
FBgn0036688,,0.517153125,0.00294854,,,,,,,,,Fit2,
FBgn0003890,,-0.528884569,0.003058967,,,,,,,,,betaTub97EF,
FBgn0267975,,-0.411932053,0.003060995,,,,,,,,,vib,
FBgn0028540,,-0.6803673,0.003074264,,,,,,,,,CG9008,
FBgn0262127,,-0.436183091,0.003087534,,,,,,,,,kibra,
FBgn0025682,,-0.338076206,0.003087534,,,,,,,,,scf,
FBgn0035173,,0.454030085,0.003087534,,,,,,,,,CG13907,
FBgn0032420,,0.6389912,0.003087534,,,,,,,,,CG6583,
FBgn0024273,,-0.374369505,0.003121659,,,,,,,,,WASp,
FBgn0052687,,-0.478540989,0.003121659,,,,,,,,,CG32687,
FBgn0034636,,-0.845676723,0.003122739,,,,,,,,,twz,
FBgn0034894,,-0.45513765,0.003154867,,,,,,,,,sigmar,
FBgn0259935,,0.791314364,0.003164937,,,,,,,,,CG42458,
FBgn0036821,,-0.869527506,0.003178375,,,,,,,,,CG3961,
FBgn0263257,,-0.753020639,0.003199071,,,,,,,,,Cngl,
FBgn0035811,,0.762943256,0.003230385,,,,,,,,,Mcad,
FBgn0029881,,-0.444958175,0.003239793,,,,,,,,,pigs,
FBgn0266417,,-0.693450369,0.003246421,,,,,,,,,ringer,
FBgn0027552,,-0.466228655,0.003296361,,,,,,,,,CG10863,
FBgn0050359,,0.817567522,0.003296361,,,,,,,,,Mal-A5,
FBgn0033356,,-0.472270254,0.003302366,,,,,,,,,CG8229,
FBgn0031914,,-0.466443718,0.00351098,,,,,,,,,CG5973,
FBgn0036196,,-0.607295376,0.003595733,,,,,,,,,CG11658,
FBgn0034013,,0.358831035,0.003825246,,,,,,,,,unc-5,
FBgn0037074,,-0.305473436,0.003852542,,,,,,,,,CG7324,
FBgn0085354,,0.620897432,0.003876207,,,,,,,,,CG34325,
FBgn0033502,,-0.69828393,0.003903236,,,,,,,,,CG12910,
FBgn0260429,,-0.836553537,0.003909478,,,,,,,,,CG42524,
FBgn0035708,,-0.403595448,0.003967974,,,,,,,,,axed,
FBgn0031688,,0.844628576,0.003968986,,,,,,,,,Cyp28d2,
FBgn0039756,,0.36399059,0.003978284,,,,,,,,,CG9743,
FBgn0261109,,0.512633649,0.003978284,,,,,,,,,mrn,
FBgn0034970,,-0.357998002,0.004004158,,,,,,,,,yki,
FBgn0031992,,0.591922683,0.004028299,,,,,,,,,Acbp1,
FBgn0004387,,-0.344980305,0.004046063,,,,,,,,,Klp98A,
FBgn0029147,,4.96E-01,0.004068252,,,,,,,,,NtR,
FBgn0014029,,0.368013074,0.004147976,,,,,,,,,Sep-02,
FBgn0013347,,0.432366192,0.00425691,,,,,,,,,TfIIA-S,
FBgn0033224,,-0.354794589,0.00425691,,,,,,,,,Nop17l,
FBgn0010314,,0.54425024,0.004281042,,,,,,,,,Cks30A,
FBgn0031126,,-0.453620884,0.004293638,,,,,,,,,Cyp6v1,
FBgn0039209,,-0.493820087,0.004311944,,,,,,,,,REPTOR,
FBgn0030305,,0.456610745,0.004321748,,,,,,,,,Uba5,
FBgn0025383,,-0.728864831,0.004510048,,,,,,,,,CG14780,
FBgn0015288,,-0.3126662,0.004510048,,,,,,,,,RpL22,
FBgn0035132,,-0.34671767,0.004546978,,,,,,,,,mthl10,
FBgn0031952,,-0.43982602,0.004554867,,,,,,,,,cdc14,
FBgn0028394,,-0.610946908,0.004554867,,,,,,,,,CG17834,
FBgn0054056,,-0.720811093,0.004711529,,,,,,,,,CG34056,
FBgn0031816,,0.58852307,0.004789221,,,,,,,,,Rchy1,
FBgn0287423,,-0.726443633,0.004856511,,,,,,,,,Nplp2,
FBgn0038043,,0.481909902,0.004882298,,,,,,,,,CG17202,
FBgn0265530,,-0.812528324,0.005077866,,,,,,,,,lncRNA:CR44380,
FBgn0086757,,-0.392306775,0.005201647,,,,,,,,,cbs,
FBgn0025683,,-0.296125382,0.005220209,,,,,,,,,CG3164,
FBgn0037028,,0.515424335,0.005252166,,,,,,,,,CG3618,
FBgn0037718,,-0.329695555,0.005254647,,,,,,,,,P58IPK,
FBgn0030966,,0.511255366,0.005258171,,,,,,,,,shop,
FBgn0033153,,0.548012888,0.005279814,,,,,,,,,Gadd45,
FBgn0261550,,-0.336515211,0.005349071,,,,,,,,,CG42668,
FBgn0035766,,-0.333452183,0.005349071,,,,,,,,,eco,
FBgn0031988,,-0.356182206,0.005376406,,,,,,,,,CG8668,
FBgn0038465,,-0.33452076,0.005437984,,,,,,,,,Irc,
FBgn0035850,,-0.356196185,0.005460332,,,,,,,,,Atg18a,
FBgn0027945,,0.539950802,0.005513824,,,,,,,,,ppl,
FBgn0000139,,-0.407340419,0.005530872,,,,,,,,,ash2,
FBti0060355,,0.700802438,0.005599097,,,,,,,,,NA,
FBgn0010768,,-0.479911419,0.005609342,,,,,,,,,sqz,
FBgn0003279,,-0.330688751,0.005609342,,,,,,,,,RpL4,
FBgn0034221,,-0.718157975,0.005609342,,,,,,,,,CG10764,
FBgn0043362,,-0.332598332,0.005650537,,,,,,,,,bchs,
FBgn0286198,,-0.404488083,0.00566818,,,,,,,,,LKRSDH,
FBgn0002780,,-0.320331291,0.005765944,,,,,,,,,mod,
FBgn0035903,,-0.629753131,0.005820299,,,,,,,,,CG6765,
FBgn0035644,,-0.474447053,0.005843571,,,,,,,,,DNApol-epsilon58,
FBgn0034403,,0.746419186,0.005949944,,,,,,,,,CG18190,
FBgn0000928,,0.421550889,0.005963786,,,,,,,,,fs(1)Yb,
FBgn0035932,,0.817843169,0.006007631,,,,,,,,,CG13308,
FBgn0039590,,0.376072654,0.006023377,,,,,,,,,CG10011,
FBgn0033483,,-0.286356662,0.006025062,,,,,,,,,egr,
FBgn0051216,,0.339773192,0.0060262,,,,,,,,,Naam,
FBgn0261811,,3.62E-01,0.0060262,,,,,,,,,pico,
FBgn0004650,,-0.600821614,0.00605565,,,,,,,,,fs(1)N,
FBgn0050344,,-0.395129456,0.006124789,,,,,,,,,CG30344,
FBgn0036290,,0.389758137,0.006264054,,,,,,,,,CG10638,
FBgn0032140,,0.381211329,0.006281284,,,,,,,,,CG13117,
FBgn0034950,,0.669381694,0.006281301,,,,,,,,,Pask,
FBgn0051098,,-0.575098708,0.006404686,,,,,,,,,CG31098,
FBgn0029506,,0.390996422,0.006404686,,,,,,,,,Tsp42Ee,
FBgn0038745,,-0.330120587,0.006418454,,,,,,,,,CG4538,
FBgn0010549,,-0.445318893,0.006418454,,,,,,,,,l(2)03659,
FBti0019249,,-0.580490907,0.006427658,,,,,,,,,NA,
FBgn0004872,,0.394149172,0.006570595,,,,,,,,,piwi,
FBgn0023129,,-0.440454134,0.006630216,,,,,,,,,aay,
FBgn0029823,,0.356912822,0.006665771,,,,,,,,,Shmt,
FBgn0261445,,-0.289028475,0.007070077,,,,,,,,,sgl,
FBgn0014033,,-0.43305113,0.007091511,,,,,,,,,Sr-CI,
FBgn0053558,,0.413505601,0.007110784,,,,,,,,,mim,
FBgn0002543,,0.574242704,0.007129256,,,,,,,,,robo2,
FBgn0033844,,-0.280028194,0.007209082,,,,,,,,,bbc,
FBgn0046687,,-0.478753326,0.007219548,,,,,,,,,Tre1,
FBgn0036279,,-0.419834927,0.007324796,,,,,,,,,Ncc69,
FBgn0034249,,4.46E-01,0.007392394,,,,,,,,,RhoGAP54D,
FBgn0030974,,-0.328154788,0.007392394,,,,,,,,,Flacc,
FBgn0265045,,-0.359660485,0.007417671,,,,,,,,,Strn-Mlck,
FBgn0029975,,0.364849502,0.007538122,,,,,,,,,spidey,
FBgn0259683,,0.677688773,0.007538122,,,,,,,,,Ir40a,
FBgn0013997,,0.368441382,0.00758883,,,,,,,,,Nrx-IV,
FBgn0019957,,-0.400306424,0.007688267,,,,,,,,,ND-42,
FBgn0263593,,-0.337140131,0.007791107,,,,,,,,,Lpin,
FBgn0039108,,0.569664655,0.007844156,,,,,,,,,CG10232,
FBgn0050035,,0.422785901,0.007862467,,,,,,,,,Tret1-1,
FBgn0035496,,-0.536475124,0.007910309,,,,,,,,,CG14990,
FBgn0035608,,0.379179402,0.007920982,,,,,,,,,blanks,
FBgn0038391,,-0.489451885,0.008031271,,,,,,,,,GATAe,
FBgn0038874,,-0.64876854,0.008072342,,,,,,,,,ETHR,
FBgn0266758,,-0.328064753,0.008129509,,,,,,,,,Esyt2,
FBgn0039538,,0.630407445,0.008239359,,,,,,,,,CG12883,
FBgn0025865,,2.85E-01,0.008295376,,,,,,,,,Cortactin,
FBgn0270927,,-0.345207466,0.008295376,,,,,,,,,betaGlu,
FBgn0086708,,-0.521133718,0.008312906,,,,,,,,,stv,
FBgn0030343,,0.412496638,0.008312906,,,,,,,,,ATP7,
FBgn0004584,,0.380191813,0.008312906,,,,,,,,,Rrp1,
FBgn0016693,,-0.291856212,0.008476938,,,,,,,,,Past1,
FBgn0020416,,-0.328783529,0.008476938,,,,,,,,,Idgf1,
FBgn0037901,,0.374020515,0.008580948,,,,,,,,,Exd2,
FBgn0003117,,-0.368685196,0.008679721,,,,,,,,,pnr,
FBgn0031245,,0.655296793,0.008697521,,,,,,,,,CG3625,
FBgn0037896,,0.669897926,0.008831498,,,,,,,,,ninaG,
FBgn0034753,,0.311507037,0.008831498,,,,,,,,,CG2852,
FBgn0026576,,-0.369958757,0.009010984,,,,,,,,,Pisd,
FBgn0262582,,-0.405118856,0.009018966,,,,,,,,,cic,
FBgn0030318,,3.81E-01,0.009041207,,,,,,,,,rho-4,
FBgn0033924,,0.455039052,0.009118295,,,,,,,,,CG8613,
FBgn0014163,,0.522957159,0.009230951,,,,,,,,,fax,
FBgn0286785,,-0.366054358,0.009362846,,,,,,,,,scb,
FBgn0087035,,-0.272365401,0.009400642,,,,,,,,,AGO2,
FBgn0003862,,-4.26E-01,0.009515615,,,,,,,,,trx,
FBgn0286781,,0.291509928,0.009516663,,,,,,,,,cass,
FBgn0051005,,-0.447805104,0.009523164,,,,,,,,,qless,
FBgn0034365,,-4.28E-01,0.009578516,,,,,,,,,CG5335,
FBgn0020762,,-0.386320404,0.009578516,,,,,,,,,Atet,
FBgn0041183,,-0.542822519,0.009604926,,,,,,,,,Tep1,
FBgn0032785,,-0.510322175,0.009730696,,,,,,,,,CG10026,
FBgn0010246,,-3.63E-01,0.009830985,,,,,,,,,Myo61F,
FBgn0025574,,0.436091882,0.009855114,,,,,,,,,Pli,
FBgn0259741,,7.68E-01,0.009879334,,,,,,,,,CG42395,
FBgn0243512,,-0.398604847,0.009916384,,,,,,,,,puc,
FBgn0001197,,0.308867283,0.009920737,,,,,,,,,His2Av,
FBgn0036257,,-0.330837653,0.010016174,,,,,,,,,RhoGAP68F,
FBgn0260936,,-3.10E-01,0.01001655,,,,,,,,,scny,
FBgn0052813,,-0.548936,0.01004714,,,,,,,,,CG32813,
FBgn0036764,,3.77E-01,0.010333636,,,,,,,,,CG5535,
FBgn0020764,,-3.80E-01,0.010627745,,,,,,,,,Alas,
FBgn0016926,,-0.385748124,0.010700171,,,,,,,,,Pino,
FBgn0027621,,-0.37541097,0.010872394,,,,,,,,,Pfrx,
FBgn0003053,,0.694224064,0.010894364,,,,,,,,,peb,
FBti0019740,,-0.642785766,0.010919471,,,,,,,,,NA,
FBgn0034029,,3.99E-01,0.01100772,,,,,,,,,eIF2Bgamma,
FBgn0037717,,0.385446731,0.011075899,,,,,,,,,CG8301,
FBgn0038020,,3.99E-01,0.011263909,,,,,,,,,GstD9,
FBgn0027932,,3.22E-01,0.011327313,,,,,,,,,Akap200,
FBti0019307,,0.68822329,0.011453428,,,,,,,,,NA,
FBgn0285947,,-2.87E-01,0.011453428,,,,,,,,,RpS10b,
FBgn0027657,,-4.29E-01,0.011559972,,,,,,,,,glob1,
FBgn0032698,,-0.436187965,0.011724335,,,,,,,,,CG10336,
FBgn0033192,,-0.411063685,0.011895596,,,,,,,,,Corin,
FBgn0264987,,0.569644535,0.011970454,,,,,,,,,lncRNA:CR44138,
FBgn0003366,,-7.70E-01,0.012093817,,,,,,,,,sev,
FBgn0267408,,0.273088317,0.012364326,,,,,,,,,AOX1,
FBgn0031752,,-0.315370384,0.012486591,,,,,,,,,CG9044,
FBgn0039788,,7.61E-01,0.012719516,,,,,,,,,Rpt6R,
FBgn0028970,,-0.469472492,0.012719516,,,,,,,,,betaggt-II,
FBgn0085434,,-0.393424431,0.012823133,,,,,,,,,NaCP60E,
FBgn0000064,,0.26942347,0.01302743,,,,,,,,,Ald1,
FBgn0040308,,3.74E-01,0.01302743,,,,,,,,,Jafrac2,
FBgn0035083,,-0.352270637,0.013073582,,,,,,,,,Tina-1,
FBgn0264816,,0.598704231,0.013075855,,,,,,,,,koko,
FBgn0284221,,4.34E-01,0.013134606,,,,,,,,,Sema5c,
FBgn0003886,,0.559240124,0.013491889,,,,,,,,,alphaTub85E,
FBgn0014469,,-0.327613702,0.013605722,,,,,,,,,Cyp4e2,
FBgn0011754,,3.97E-01,0.013610401,,,,,,,,,PhKgamma,
FBgn0032421,,0.562937544,0.013615056,,,,,,,,,crok,
FBgn0041588,,0.323618911,0.013620939,,,,,,,,,eIF2D,
FBgn0010194,,0.304041351,0.013910753,,,,,,,,,Wnt5,
FBgn0037445,,-3.73E-01,0.0142293,,,,,,,,,CG9727,
FBgn0051477,,7.22E-01,0.014375621,,,,,,,,,ATPsynepsilonL,
FBgn0003888,,3.73E-01,0.014393645,,,,,,,,,betaTub60D,
FBgn0039580,,-0.357363452,0.014473749,,,,,,,,,Gfat2,
FBgn0005694,,-0.346100308,0.014473749,,,,,,,,,Aef1,
FBgn0031070,,0.415025708,0.014473749,,,,,,,,,CG12702,
FBgn0037884,,-4.11E-01,0.014734475,,,,,,,,,Arfip,
FBgn0036801,,-0.735868828,0.014818842,,,,,,,,,MYPT-75D,
FBgn0037213,,4.25E-01,0.014836888,,,,,,,,,CG12581,
FBgn0262035,,-4.79E-01,0.014938598,,,,,,,,,CG42846,
FBgn0265191,,0.388945598,0.014983373,,,,,,,,,Gyg,
FBgn0053508,,0.668400299,0.015232374,,,,,,,,,ppk13,
FBgn0036194,,-0.34052623,0.015291303,,,,,,,,,Dph1,
FBgn0041191,,-0.353070443,0.015432601,,,,,,,,,Rheb,
FBgn0037705,,-4.86E-01,0.015461992,,,,,,,,,mura,
FBti0019110,,7.43E-01,0.015461992,,,,,,,,,NA,
FBgn0037852,,3.63E-01,0.015475501,,,,,,,,,Tpc1,
FBgn0038953,,3.53E-01,0.015668194,,,,,,,,,CG18596,
FBgn0031170,,-3.50E-01,0.015668194,,,,,,,,,ABCA,
FBgn0266020,,0.745815329,0.015668194,,,,,,,,,lncRNA:CR44785,
FBgn0052133,,-3.47E-01,0.015749039,,,,,,,,,Ptip,
FBgn0053329,,-4.95E-01,0.015813848,,,,,,,,,Sp212,
FBgn0036272,,3.45E-01,0.015840066,,,,,,,,,Sms,
FBgn0002567,,6.79E-01,0.015840066,,,,,,,,,Rab32,
FBgn0052280,,0.447815605,0.016411605,,,,,,,,,CG32280,
FBgn0001257,,4.97E-01,0.016456173,,,,,,,,,ImpL2,
FBgn0028671,,-2.77E-01,0.016710653,,,,,,,,,Vha100-1,
FBgn0039612,,-3.09E-01,0.016766498,,,,,,,,,Nepl19,
FBgn0005636,,-0.533325068,0.016947757,,,,,,,,,nvy,
FBgn0035113,,0.576435079,0.017103851,,,,,,,,,pyx,
FBgn0053193,,0.428321053,0.01715018,,,,,,,,,sav,
FBgn0086357,,0.337707614,0.01715018,,,,,,,,,Sec61alpha,
FBgn0035969,,7.15E-01,0.017220553,,,,,,,,,CG4476,
FBgn0038118,,-0.372747371,0.017269058,,,,,,,,,timeout,
FBgn0033205,,3.30E-01,0.017269058,,,,,,,,,CG2064,
FBgn0032699,,0.313110176,0.017427548,,,,,,,,,CG10383,
FBgn0266268,,0.325086482,0.017475817,,,,,,,,,FeCH,
FBgn0012034,,-3.52E-01,0.017562909,,,,,,,,,AcCoAS,
FBgn0033292,,-0.642918243,0.017568817,,,,,,,,,Cyp4ad1,
FBgn0030576,,-0.453491585,0.017931628,,,,,,,,,CG15890,
FBgn0085468,,5.21E-01,0.018112481,,,,,,,,,ND-MWFE,
FBgn0023169,,-3.20E-01,0.018127454,,,,,,,,,AMPKalpha,
FBgn0029970,,0.529571477,0.018280294,,,,,,,,,Nek2,
FBgn0014417,,-0.339121816,0.018297488,,,,,,,,,CG13397,
FBgn0036147,,-2.99E-01,0.018397335,,,,,,,,,Plod,
FBgn0050046,,-0.308854243,0.019048194,,,,,,,,,CG30046,
FBgn0040477,,-5.19E-01,0.01916832,,,,,,,,,cid,
FBgn0037760,,-0.318769455,0.019299485,,,,,,,,,FBXO11,
FBgn0261015,,-0.646736793,0.019434007,,,,,,,,,Pif1A,
FBgn0036053,,-3.33E-01,0.019434007,,,,,,,,,iPLA2-VIA,
FBgn0085249,,-5.48E-01,0.019434007,,,,,,,,,CG34220,
FBgn0004512,,0.372056751,0.019434007,,,,,,,,,Mdr49,
FBgn0028646,,-3.33E-01,0.019465691,,,,,,,,,aralar1,
FBgn0030482,,-2.68E-01,0.019477413,,,,,,,,,CG1673,
FBgn0039759,,7.15E-01,0.019546924,,,,,,,,,CG9733,
FBgn0032026,,0.304232322,0.019546924,,,,,,,,,CG7627,
FBgn0038608,,-0.404747571,0.019989935,,,,,,,,,WRNexo,
FBgn0261555,,5.76E-01,0.020176567,,,,,,,,,CG42673,
FBgn0013685,,6.51E-01,0.020228728,,,,,,,,,mt:ND6,
FBgn0035076,,0.720004956,0.020241051,,,,,,,,,Ance-5,
FBgn0029870,,-2.89E-01,0.020288664,,,,,,,,,Marf,
FBgn0261261,,-3.56E-01,0.020365535,,,,,,,,,plx,
FBgn0027929,,0.42082444,0.020408914,,,,,,,,,NimB1,
FBgn0026319,,0.40451096,0.020408914,,,,,,,,,Traf4,
FBgn0265003,,0.282035628,0.020498764,,,,,,,,,koi,
FBgn0002891,,3.20E-01,0.020498764,,,,,,,,,DNApol-zeta,
FBgn0265706,,-0.72744145,0.020512853,,,,,,,,,lncRNA:CR44513,
FBgn0033364,,-0.587869551,0.020512853,,,,,,,,,CG13747,
FBgn0000535,,-5.29E-01,0.020550842,,,,,,,,,eag,
FBgn0030026,,0.471209982,0.020661239,,,,,,,,,sni,
FBgn0030361,,5.31E-01,0.020694746,,,,,,,,,CG1492,
FBgn0260450,,3.80E-01,0.021911162,,,,,,,,,CalpC,
FBgn0029504,,-3.61E-01,0.022050957,,,,,,,,,CHES-1-like,
FBgn0261285,,-0.408194067,0.022107451,,,,,,,,,Ppcs,
FBgn0039797,,-4.51E-01,0.022118311,,,,,,,,,eIF4H2,
FBgn0025352,,-2.91E-01,0.022196265,,,,,,,,,Mtpbeta,
FBgn0051125,,7.14E-01,0.022370547,,,,,,,,,CG31125,
FBgn0040660,,-0.316858186,0.022370547,,,,,,,,,CG13551,
FBgn0063494,,3.38E-01,0.023036685,,,,,,,,,GstE6,
FBgn0036857,,-3.71E-01,0.023098663,,,,,,,,,Aldh7A1,
FBti0063710,,6.63E-01,0.023339519,,,,,,,,,NA,
FBgn0038651,,-0.282734555,0.023502687,,,,,,,,,Epg5,
FBgn0022702,,0.558110386,0.023580643,,,,,,,,,Cht2,
FBgn0063491,,0.377321838,0.023580643,,,,,,,,,GstE9,
FBgn0039525,,0.409211185,0.023887121,,,,,,,,,CG5646,
FBgn0283531,,-0.71130656,0.023946515,,,,,,,,,Duox,
FBgn0033890,,-0.359943035,0.024299782,,,,,,,,,Ctf4,
FBgn0267470,,6.55E-01,0.024427601,,,,,,,,,lncRNA:CR45820,
FBgn0022213,,2.72E-01,0.024547626,,,,,,,,,Cse1,
FBgn0086370,,-0.301165816,0.024851266,,,,,,,,,sra,
FBgn0261983,,-3.03E-01,0.025169586,,,,,,,,,l(2)gd1,
FBgn0025693,,-0.325787855,0.025195334,,,,,,,,,ZnT41F,
FBgn0035539,,7.05E-01,0.025377861,,,,,,,,,slow,
FBgn0004861,,-0.389618523,0.025377861,,,,,,,,,ph-p,
FBgn0028717,,-0.28231826,0.025491297,,,,,,,,,Lnk,
FBgn0000147,,0.415985707,0.025717542,,,,,,,,,aurA,
FBgn0265011,,-6.48E-01,0.025717542,,,,,,,,,Np,
FBgn0028491,,5.14E-01,0.025717542,,,,,,,,,CG2930,
FBgn0016694,,-0.445919406,0.025852504,,,,,,,,,Pdp1,
FBgn0052185,,7.07E-01,0.025938354,,,,,,,,,edin,
FBgn0023537,,-0.328795039,0.025938354,,,,,,,,,CG17896,
FBgn0031399,,-0.32406773,0.026041844,,,,,,,,,mio,
FBgn0262782,,3.14E-01,0.026381186,,,,,,,,,Mdh1,
FBgn0041627,,0.356701313,0.026381186,,,,,,,,,Ku80,
FBgn0001942,,-0.265151263,0.026393383,,,,,,,,,eIF4A,
FBgn0027620,,-0.290365811,0.026522852,,,,,,,,,Acf,
FBgn0037539,,-0.370498785,0.026522852,,,,,,,,,CG10435,
FBgn0029861,,3.41E-01,0.026522852,,,,,,,,,CG3815,
FBgn0033717,,-0.286734464,0.026591879,,,,,,,,,CG8839,
FBgn0034564,,0.404814008,0.026591879,,,,,,,,,CG9344,
FBgn0035148,,0.311179496,0.026619204,,,,,,,,,CG3402,
FBgn0036746,,-0.388731226,0.027018402,,,,,,,,,Crtc,
FBgn0053460,,-3.75E-01,0.027178228,,,,,,,,,CG33460,
FBgn0037672,,0.544992075,0.027184628,,,,,,,,,sage,
FBgn0029893,,-3.29E-01,0.027325501,,,,,,,,,CG14442,
FBgn0037917,,-3.45E-01,0.027388097,,,,,,,,,wkd,
FBgn0034914,,2.86E-01,0.027955068,,,,,,,,,CG5554,
FBgn0039006,,0.329820479,0.02801112,,,,,,,,,Cyp6d4,
FBgn0031771,,-2.85E-01,0.02801112,,,,,,,,,ND-51,
FBgn0000578,,-0.311891398,0.028545807,,,,,,,,,ena,
FBgn0030884,,5.86E-01,0.02858385,,,,,,,,,CG6847,
FBgn0033458,,0.681575661,0.028911751,,,,,,,,,Lime,
FBgn0033302,,-3.06E-01,0.028911751,,,,,,,,,Cyp6a14,
FBgn0031973,,-3.06E-01,0.028911751,,,,,,,,,Spn28Dc,
FBgn0034523,,0.421577323,0.029503892,,,,,,,,,Nnf1a,
FBgn0020249,,3.26E-01,0.029911653,,,,,,,,,stck,
FBgn0030685,,-2.91E-01,0.03013826,,,,,,,,,Graf,
FBgn0002945,,-6.68E-01,0.030171636,,,,,,,,,nkd,
FBgn0030960,,-4.14E-01,0.03025267,,,,,,,,,Atg101,
FBgn0038349,,-3.22E-01,0.030376363,,,,,,,,,AOX3,
FBgn0026418,,-2.51E-01,0.03041745,,,,,,,,,Hsc70Cb,
FBgn0086253,,3.31E-01,0.030458948,,,,,,,,,rumi,
FBgn0030485,,4.32E-01,0.030627908,,,,,,,,,CG1998,
FBgn0053181,,-0.462234059,0.030629246,,,,,,,,,CG33181,
FBgn0004687,,-2.62E-01,0.030876124,,,,,,,,,Mlc-c,
FBgn0063923,,-5.01E-01,0.0310916,,,,,,,,,Kaz1-ORFB,
FBgn0026323,,-2.99E-01,0.031319137,,,,,,,,,Tak1,
FBgn0031220,,0.278928141,0.032024669,,,,,,,,,CG4822,
FBgn0036354,,-3.43E-01,0.032067341,,,,,,,,,Poc1,
FBgn0035262,,-4.46E-01,0.032259735,,,,,,,,,CG18171,
FBgn0040765,,0.385968515,0.032320876,,,,,,,,,luna,
FBgn0026409,,-3.17E-01,0.032698062,,,,,,,,,Mpcp2,
FBgn0260746,,3.51E-01,0.033341755,,,,,,,,,Ect3,
FBgn0034644,,-3.19E-01,0.033341755,,,,,,,,,CG10082,
FBgn0004456,,-2.90E-01,0.033341755,,,,,,,,,mew,
FBgn0031990,,-0.276220138,0.033341755,,,,,,,,,PAPLA1,
FBgn0039094,,-6.82E-01,0.033654377,,,,,,,,,CG10184,
FBgn0038453,,3.02E-01,0.033798545,,,,,,,,,Arl6IP1,
FBgn0035769,,-0.326980334,0.03438334,,,,,,,,,CTCF,
FBgn0031968,,0.573279625,0.03438334,,,,,,,,,CG7231,
FBgn0085334,,-6.80E-01,0.034640746,,,,,,,,,CG34305,
FBgn0026143,,-0.393184455,0.034773845,,,,,,,,,Cdc45,
FBgn0031097,,-5.39E-01,0.035054421,,,,,,,,,obst-A,
FBgn0035295,,3.35E-01,0.035342386,,,,,,,,,Cnb,
FBgn0020633,,3.81E-01,0.035378923,,,,,,,,,Mcm7,
FBgn0010551,,2.71E-01,0.035508724,,,,,,,,,Phb2,
FBgn0030051,,6.64E-01,0.035621273,,,,,,,,,spirit,
FBgn0004066,,3.32E-01,0.035667463,,,,,,,,,Prosalpha4,
FBgn0036702,,0.251213041,0.035790328,,,,,,,,,CG6512,
FBgn0004865,,-0.594546752,0.03632812,,,,,,,,,Eip78C,
FBgn0038484,,-6.78E-01,0.036784421,,,,,,,,,CG5246,
FBgn0014141,,-3.73E-01,0.036784421,,,,,,,,,cher,
FBgn0011659,,-3.28E-01,0.036784421,,,,,,,,,Mlh1,
FBgn0035287,,-6.07E-01,0.036960166,,,,,,,,,CG13937,
FBgn0028399,,-3.04E-01,0.037047596,,,,,,,,,TMS1,
FBgn0261283,,-2.78E-01,0.03780515,,,,,,,,,SREBP,
FBgn0033204,,-3.78E-01,0.03780515,,,,,,,,,CG2065,
FBgn0030077,,-3.72E-01,0.037861337,,,,,,,,,CG15365,
FBgn0026380,,3.15E-01,0.038029281,,,,,,,,,Prosbeta3,
FBgn0034139,,6.65E-01,0.038358033,,,,,,,,,CG4927,
FBgn0030403,,-3.08E-01,0.038435552,,,,,,,,,CG1824,
FBgn0031304,,-2.80E-01,0.038646446,,,,,,,,,TBC1D23,
FBgn0033032,,3.86E-01,0.038685721,,,,,,,,,kune,
FBgn0016754,,-3.26E-01,0.03877613,,,,,,,,,sba,
FBgn0034643,,-0.284285138,0.03877613,,,,,,,,,CG10321,
FBgn0062978,,-0.67346003,0.03877613,,,,,,,,,CG31808,
FBgn0053056,,-0.420713862,0.03890096,,,,,,,,,CG33056,
FBgn0028690,,2.57E-01,0.038995355,,,,,,,,,Rpn5,
FBgn0060296,,0.536914801,0.039200525,,,,,,,,,pain,
FBgn0034390,,5.90E-01,0.039200525,,,,,,,,,CG15093,
FBgn0016032,,0.434774526,0.039200525,,,,,,,,,lbm,
FBgn0040373,,5.57E-01,0.039352002,,,,,,,,,CG3038,
FBgn0031540,,-4.32E-01,0.039892073,,,,,,,,,Pif1,
FBgn0030588,,4.73E-01,0.039926394,,,,,,,,,CG9521,
FBgn0031048,,3.31E-01,0.04090163,,,,,,,,,CG12237,
FBgn0020545,,-3.04E-01,0.04090163,,,,,,,,,kraken,
FBgn0034418,,2.75E-01,0.041027489,,,,,,,,,CG15118,
FBgn0025390,,5.29E-01,0.041059983,,,,,,,,,Mur2B,
FBgn0261931,,2.99E-01,0.041134485,,,,,,,,,CG42797,
FBgn0032805,,4.76E-01,0.041200893,,,,,,,,,CG10337,
FBgn0004870,,5.49E-01,0.04123416,,,,,,,,,bab1,
FBgn0025571,,-2.73E-01,0.041426491,,,,,,,,,SF1,
FBgn0030412,,-2.86E-01,0.041426491,,,,,,,,,Tomosyn,
FBgn0261053,,5.26E-01,0.041569046,,,,,,,,,Cad86C,
FBgn0036893,,4.43E-01,0.041816063,,,,,,,,,PIG-F,
FBgn0264699,,6.32E-01,0.04217669,,,,,,,,,CG43968,
FBgn0085450,,-3.92E-01,0.04217669,,,,,,,,,Snoo,
FBgn0036101,,-4.40E-01,0.042189035,,,,,,,,,NijA,
FBgn0034447,,-3.06E-01,0.042496131,,,,,,,,,CG7744,
FBgn0263200,,-3.24E-01,0.042496131,,,,,,,,,Galt,
FBgn0004133,,-2.93E-01,0.04290833,,,,,,,,,blow,
FBgn0250732,,-2.89E-01,0.042947994,,,,,,,,,gfzf,
FBgn0003575,,-3.15E-01,0.04300747,,,,,,,,,su(sable),
FBgn0260632,,-2.81E-01,0.04300747,,,,,,,,,dl,
FBgn0261789,,3.04E-01,0.043175303,,,,,,,,,SmD2,
FBgn0039467,,-3.30E-01,0.04334066,,,,,,,,,CG14253,
FBgn0036199,,-3.34E-01,0.043361734,,,,,,,,,Bmcp,
FBgn0035167,,5.55E-01,0.043768106,,,,,,,,,Gr61a,
FBgn0250757,,5.61E-01,0.044040714,,,,,,,,,CG42235,
FBgn0000244,,-3.74E-01,0.044112053,,,,,,,,,by,
FBgn0035204,,-3.31E-01,0.044125575,,,,,,,,,CG2277,
FBgn0037757,,2.96E-01,0.044403878,,,,,,,,,CG8516,
FBgn0011236,,-3.09E-01,0.044403878,,,,,,,,,ken,
FBgn0040070,,2.98E-01,0.04455164,,,,,,,,,Trx-2,
FBgn0017551,,3.85E-01,0.045095943,,,,,,,,,Rca1,
FBgn0030612,,-4.27E-01,0.046018535,,,,,,,,,CG5599,
FBgn0265523,,-3.44E-01,0.046018535,,,,,,,,,Smr,
FBgn0029895,,5.31E-01,0.046044385,,,,,,,,,CG14441,
FBgn0262945,,5.79E-01,0.046199662,,,,,,,,,lncRNA:CR43264,
FBgn0030243,,-2.79E-01,0.046431782,,,,,,,,,CG2186,
FBgn0261989,,6.41E-01,0.046539059,,,,,,,,,CG42807,
FBgn0259228,,-2.71E-01,0.046973167,,,,,,,,,C3G,
FBgn0039385,,2.97E-01,0.047475289,,,,,,,,,CG5913,
FBgn0000547,,4.41E-01,0.047475289,,,,,,,,,ed,
FBgn0002773,,-6.32E-01,0.047492284,,,,,,,,,Mlc2,
FBgn0038145,,-2.69E-01,0.047645782,,,,,,,,,Droj2,
FBgn0083983,,5.47E-01,0.047645782,,,,,,,,,mRpL34,
FBgn0033541,,6.51E-01,0.047645782,,,,,,,,,CG12934,
FBgn0035023,,-3.32E-01,0.047645782,,,,,,,,,ITP,
FBgn0034417,,-4.34E-01,0.047645782,,,,,,,,,CG15117,
FBgn0032202,,-4.11E-01,0.047645782,,,,,,,,,REPTOR-BP,
FBgn0020887,,-2.98E-01,0.047648066,,,,,,,,,Su(z)12,
FBgn0263197,,-2.70E-01,0.047670735,,,,,,,,,Patronin,
FBgn0260768,,4.39E-01,0.047717082,,,,,,,,,CG42566,
FBgn0052251,,-3.88E-01,0.048221386,,,,,,,,,Claspin,
FBgn0010909,,-2.61E-01,0.048338987,,,,,,,,,msn,
FBgn0033663,,2.42E-01,0.048343939,,,,,,,,,ERp60,
FBgn0041171,,-2.58E-01,0.048497478,,,,,,,,,ago,
FBgn0003308,,-4.41E-01,0.049198166,,,,,,,,,ry,
FBgn0032603,,-4.09E-01,0.049334724,,,,,,,,,CG17928,
FBgn0027550,,-4.12E-01,0.04934047,,,,,,,,,CG6495,
FBgn0035267,,6.34E-01,0.04943879,,,,,,,,,CG13921,
FBgn0004597,,3.86E-01,0.049553798,,,,,,,,,CycC,
FBgn0033357,,3.45E-01,0.049990873,,,,,,,,,Tom7,
,MtnA,,,,,,,,,,,,
,Cyt-b5-r,,,,,,,,,,,,
,tnc,,,,,,,,,,,,
,zye,,,,,,,,,,,,
,LanB1,,,,,,,,,,,,
,l(3)neo38,,,,,,,,,,,,
,Ldh,,,,,,,,,,,,
,CG15209,,,,,,,,,,,,
,Spn77Ba,,,,,,,,,,,,
,CG31689,,,,,,,,,,,,
,GstE2,,,,,,,,,,,,
,CG8292,,,,,,,,,,,,
,lncRNA:CR46259,,,,,,,,,,,,
,Prip,,,,,,,,,,,,
,CG5397,,,,,,,,,,,,
,CG31642,,,,,,,,,,,,
,CG12116,,,,,,,,,,,,
,Sfxn1-3,,,,,,,,,,,,
,CG14257,,,,,,,,,,,,
,CG31038,,,,,,,,,,,,
,Nxf3,,,,,,,,,,,,
,olf413,,,,,,,,,,,,
,Nepl4,,,,,,,,,,,,
,Bin1,,,,,,,,,,,,
,Eglp4,,,,,,,,,,,,
,CG32521,,,,,,,,,,,,
,Mctp,,,,,,,,,,,,
,Argk,,,,,,,,,,,,
,PCB,,,,,,,,,,,,
,CG31195,,,,,,,,,,,,
,ChLD3,,,,,,,,,,,,
,CG31337,,,,,,,,,,,,
,CG30069,,,,,,,,,,,,
,Idgf6,,,,,,,,,,,,
,CG10433,,,,,,,,,,,,
,Thor,,,,,,,,,,,,
,Mct1,,,,,,,,,,,,
,CG14629,,,,,,,,,,,,
,Tgi,,,,,,,,,,,,
,Tsf2,,,,,,,,,,,,
,Ptp99A,,,,,,,,,,,,
,CG3764,,,,,,,,,,,,
,boi,,,,,,,,,,,,
,Gpo1,,,,,,,,,,,,
,CG31431,,,,,,,,,,,,
,bou,,,,,,,,,,,,
,Slc45-1,,,,,,,,,,,,
,CG32625,,,,,,,,,,,,
,CG14326,,,,,,,,,,,,
,CG18473,,,,,,,,,,,,
,wus,,,,,,,,,,,,
,Rim2,,,,,,,,,,,,
,Pgant9,,,,,,,,,,,,
,CG4793,,,,,,,,,,,,
,CrebA,,,,,,,,,,,,
,dpr3,,,,,,,,,,,,
,Eip74EF,,,,,,,,,,,,
,CG9416,,,,,,,,,,,,
,Npc2b,,,,,,,,,,,,
,RpL7,,,,,,,,,,,,
,Cul2,,,,,,,,,,,,
,Btk29A,,,,,,,,,,,,
,Wdr62,,,,,,,,,,,,
,cbt,,,,,,,,,,,,
,Zip99C,,,,,,,,,,,,
,CG1814,,,,,,,,,,,,
,Spn27A,,,,,,,,,,,,
,CG7115,,,,,,,,,,,,
,bowl,,,,,,,,,,,,
,CAHbeta,,,,,,,,,,,,
,wdp,,,,,,,,,,,,
,Orct2,,,,,,,,,,,,
,l(1)G0320,,,,,,,,,,,,
,Alh,,,,,,,,,,,,
,CG12512,,,,,,,,,,,,
,kuk,,,,,,,,,,,,
,chn,,,,,,,,,,,,
,su(r),,,,,,,,,,,,
,Pgm1,,,,,,,,,,,,
,mmy,,,,,,,,,,,,
,Cyp6w1,,,,,,,,,,,,
,udt,,,,,,,,,,,,
,CG15771,,,,,,,,,,,,
,vir-1,,,,,,,,,,,,
,CG3457,,,,,,,,,,,,
,pasi2,,,,,,,,,,,,
,NimB4,,,,,,,,,,,,
,Prosap,,,,,,,,,,,,
,GlyS,,,,,,,,,,,,
,Got1,,,,,,,,,,,,
,TFAM,,,,,,,,,,,,
,GlyP,,,,,,,,,,,,
,CG3902,,,,,,,,,,,,
,Rev1,,,,,,,,,,,,
,Non1,,,,,,,,,,,,
,CG9674,,,,,,,,,,,,
,Ilp6,,,,,,,,,,,,
,Sr-CIV,,,,,,,,,,,,
,Nrt,,,,,,,,,,,,
,CG42394,,,,,,,,,,,,
,Dhc62B,,,,,,,,,,,,
,Dif,,,,,,,,,,,,
,GstE8,,,,,,,,,,,,
,CG5080,,,,,,,,,,,,
,AdamTS-A,,,,,,,,,,,,
,QC,,,,,,,,,,,,
,lncRNA:CR45973,,,,,,,,,,,,
,MFS3,,,,,,,,,,,,
,Cyp9h1,,,,,,,,,,,,
,CG42238,,,,,,,,,,,,
,Clic,,,,,,,,,,,,
,cDIP,,,,,,,,,,,,
,Eip63E,,,,,,,,,,,,
,Tig,,,,,,,,,,,,
,sick,,,,,,,,,,,,
,drpr,,,,,,,,,,,,
,Miga,,,,,,,,,,,,
,CaBP1,,,,,,,,,,,,
,CG15547,,,,,,,,,,,,
,CG8501,,,,,,,,,,,,
,mfas,,,,,,,,,,,,
,Gp150,,,,,,,,,,,,
,Rgl,,,,,,,,,,,,
,Cyp4d20,,,,,,,,,,,,
,lncRNA:CR43144,,,,,,,,,,,,
,Ggamma30A,,,,,,,,,,,,
,CG3308,,,,,,,,,,,,
,cu,,,,,,,,,,,,
,msb1l,,,,,,,,,,,,
,fat-spondin,,,,,,,,,,,,
,SPH93,,,,,,,,,,,,
,Sply,,,,,,,,,,,,
,Ppa,,,,,,,,,,,,
,Tpi,,,,,,,,,,,,
,lncRNA:CR44779,,,,,,,,,,,,
,GstE11,,,,,,,,,,,,
,CG4297,,,,,,,,,,,,
,Col4a1,,,,,,,,,,,,
,RhoGEF4,,,,,,,,,,,,
,sug,,,,,,,,,,,,
,CG9837,,,,,,,,,,,,
,Cyp28d1,,,,,,,,,,,,
,path,,,,,,,,,,,,
,Mcr,,,,,,,,,,,,
,CG17292,,,,,,,,,,,,
,CG14516,,,,,,,,,,,,
,CysRS,,,,,,,,,,,,
,Gk2,,,,,,,,,,,,
,CG5958,,,,,,,,,,,,
,CG10063,,,,,,,,,,,,
,CG12099,,,,,,,,,,,,
,GILT3,,,,,,,,,,,,
,CG13384,,,,,,,,,,,,
,Galphao,,,,,,,,,,,,
,CG9503,,,,,,,,,,,,
,Pgi,,,,,,,,,,,,
,GstT3,,,,,,,,,,,,
,wnd,,,,,,,,,,,,
,Nepl20,,,,,,,,,,,,
,CG42402,,,,,,,,,,,,
,Arpc2,,,,,,,,,,,,
,CG2003,,,,,,,,,,,,
,Ets21C,,,,,,,,,,,,
,CG43336,,,,,,,,,,,,
,lncRNA:CR45334,,,,,,,,,,,,
,PH4alphaEFB,,,,,,,,,,,,
,Gapdh1,,,,,,,,,,,,
,Sarm,,,,,,,,,,,,
,CG15099,,,,,,,,,,,,
,Gel,,,,,,,,,,,,
,CG10353,,,,,,,,,,,,
,Sgsh,,,,,,,,,,,,
,CAP,,,,,,,,,,,,
,CG9663,,,,,,,,,,,,
,alpha-Est1,,,,,,,,,,,,
,CG42324,,,,,,,,,,,,
,Hexo2,,,,,,,,,,,,
,CG17544,,,,,,,,,,,,
,bgm,,,,,,,,,,,,
,CG12948,,,,,,,,,,,,
,ham,,,,,,,,,,,,
,CG46339,,,,,,,,,,,,
,stet,,,,,,,,,,,,
,aru,,,,,,,,,,,,
,Ndae1,,,,,,,,,,,,
,mt:ND2,,,,,,,,,,,,
,Fkbp14,,,,,,,,,,,,
,Amy-p,,,,,,,,,,,,
,Kank,,,,,,,,,,,,
,Glt,,,,,,,,,,,,
,sls,,,,,,,,,,,,
,mt:srRNA,,,,,,,,,,,,
,Drat,,,,,,,,,,,,
,Pcyt1,,,,,,,,,,,,
,Ctl2,,,,,,,,,,,,
,RpL8,,,,,,,,,,,,
,mtd,,,,,,,,,,,,
,Oatp74D,,,,,,,,,,,,
,CG15080,,,,,,,,,,,,
,sn,,,,,,,,,,,,
,ens,,,,,,,,,,,,
,CG32681,,,,,,,,,,,,
,EndoU,,,,,,,,,,,,
,CTPsyn,,,,,,,,,,,,
,Sid,,,,,,,,,,,,
,grp,,,,,,,,,,,,
,NA,,,,,,,,,,,,
,CG8852,,,,,,,,,,,,
,Ziz,,,,,,,,,,,,
,CG3662,,,,,,,,,,,,
,et,,,,,,,,,,,,
,rempA,,,,,,,,,,,,
,CG2444,,,,,,,,,,,,
,cnn,,,,,,,,,,,,
,PRAS40,,,,,,,,,,,,
,Pglym78,,,,,,,,,,,,
,wake,,,,,,,,,,,,
,CG45263,,,,,,,,,,,,
,CG4199,,,,,,,,,,,,
,Itgbn,,,,,,,,,,,,
,Eno,,,,,,,,,,,,
,stg,,,,,,,,,,,,
,Ent2,,,,,,,,,,,,
,Trpm,,,,,,,,,,,,
,RhoGAP1A,,,,,,,,,,,,
,CG8399,,,,,,,,,,,,
,CG18659,,,,,,,,,,,,
,dap,,,,,,,,,,,,
,CG17189,,,,,,,,,,,,
,Sap-r,,,,,,,,,,,,
,CG15141,,,,,,,,,,,,
,Spn42Dc,,,,,,,,,,,,
,CG3558,,,,,,,,,,,,
,sax,,,,,,,,,,,,
,nrv2,,,,,,,,,,,,
,flz,,,,,,,,,,,,
,mlt,,,,,,,,,,,,
,CycE,,,,,,,,,,,,
,brp,,,,,,,,,,,,
,mnd,,,,,,,,,,,,
,wb,,,,,,,,,,,,
,aub,,,,,,,,,,,,
,CG17574,,,,,,,,,,,,
,Dgp-1,,,,,,,,,,,,
,SppL,,,,,,,,,,,,
,Pgk,,,,,,,,,,,,
,spict,,,,,,,,,,,,
,CG43783,,,,,,,,,,,,
,CG9220,,,,,,,,,,,,
,Sema1a,,,,,,,,,,,,
,pyr,,,,,,,,,,,,
,sinu,,,,,,,,,,,,
,Dad,,,,,,,,,,,,
,Hydr2,,,,,,,,,,,,
,CG34417,,,,,,,,,,,,
,vkg,,,,,,,,,,,,
,GAPcenA,,,,,,,,,,,,
,Act42A,,,,,,,,,,,,
,CG16710,,,,,,,,,,,,
,SsRbeta,,,,,,,,,,,,
,Ac78C,,,,,,,,,,,,
,borr,,,,,,,,,,,,
,brk,,,,,,,,,,,,
,CG5151,,,,,,,,,,,,
,Pvf2,,,,,,,,,,,,
,CycB,,,,,,,,,,,,
,RecQ4,,,,,,,,,,,,
,Slik,,,,,,,,,,,,
,NimB2,,,,,,,,,,,,
,CG6231,,,,,,,,,,,,
,CG8036,,,,,,,,,,,,
,CG17224,,,,,,,,,,,,
,gammaTub37C,,,,,,,,,,,,
,TwdlU,,,,,,,,,,,,
,sut1,,,,,,,,,,,,
,Galphaf,,,,,,,,,,,,
,CG9171,,,,,,,,,,,,
,Snx6,,,,,,,,,,,,
,Dhod,,,,,,,,,,,,
,Nmdmc,,,,,,,,,,,,
,CG17712,,,,,,,,,,,,
,CG13743,,,,,,,,,,,,
,IP3K2,,,,,,,,,,,,
,Tep4,,,,,,,,,,,,
,dnk,,,,,,,,,,,,
,rgn,,,,,,,,,,,,
,Tsp96F,,,,,,,,,,,,
,CG17278,,,,,,,,,,,,
,bbg,,,,,,,,,,,,
,cib,,,,,,,,,,,,
,MsrA,,,,,,,,,,,,
,Cont,,,,,,,,,,,,
,Baldspot,,,,,,,,,,,,
,Arc1,,,,,,,,,,,,
,daw,,,,,,,,,,,,
,Plekhm1,,,,,,,,,,,,
,Unc-115a,,,,,,,,,,,,
,grass,,,,,,,,,,,,
,CG13585,,,,,,,,,,,,
,Fmo-2,,,,,,,,,,,,
,GstE7,,,,,,,,,,,,
,LTV1,,,,,,,,,,,,
,CG14695,,,,,,,,,,,,
,Exn,,,,,,,,,,,,
,Gbs-76A,,,,,,,,,,,,
,mxt,,,,,,,,,,,,
,Pdk1,,,,,,,,,,,,
,CG15861,,,,,,,,,,,,
,CG1648,,,,,,,,,,,,
,Ser,,,,,,,,,,,,
,CG42663,,,,,,,,,,,,
,Rif1,,,,,,,,,,,,
,CG8172,,,,,,,,,,,,
,CG4570,,,,,,,,,,,,
,Cp1,,,,,,,,,,,,
,CG16749,,,,,,,,,,,,
,mmd,,,,,,,,,,,,
,Toll-7,,,,,,,,,,,,
,CG7530,,,,,,,,,,,,
,Sik3,,,,,,,,,,,,
,CG13124,,,,,,,,,,,,
,Nost,,,,,,,,,,,,
,regucalcin,,,,,,,,,,,,
,Pen,,,,,,,,,,,,
,Irk1,,,,,,,,,,,,
,Pka-R2,,,,,,,,,,,,
,CG31705,,,,,,,,,,,,
,CG7029,,,,,,,,,,,,
,Rab7,,,,,,,,,,,,
,Adgf-A,,,,,,,,,,,,
,Tab2,,,,,,,,,,,,
,CAH2,,,,,,,,,,,,
,CG32335,,,,,,,,,,,,
,pasi1,,,,,,,,,,,,
,CDC50,,,,,,,,,,,,
,CG43799,,,,,,,,,,,,
,CG15098,,,,,,,,,,,,
,alpha-Est8,,,,,,,,,,,,
,cv-d,,,,,,,,,,,,
,Pde8,,,,,,,,,,,,
,CG9338,,,,,,,,,,,,
,Pde6,,,,,,,,,,,,
,lncRNA:CR43417,,,,,,,,,,,,
,l(3)02640,,,,,,,,,,,,
,Taldo,,,,,,,,,,,,
,Smn,,,,,,,,,,,,
,CG3091,,,,,,,,,,,,
,AsnS,,,,,,,,,,,,
,E(spl)m3-HLH,,,,,,,,,,,,
,fbp,,,,,,,,,,,,
,Idgf3,,,,,,,,,,,,
,dlp,,,,,,,,,,,,
,CG34434,,,,,,,,,,,,
,Samuel,,,,,,,,,,,,
,GstE12,,,,,,,,,,,,
,insc,,,,,,,,,,,,
,Desat1,,,,,,,,,,,,
,capu,,,,,,,,,,,,
,siz,,,,,,,,,,,,
,kay,,,,,,,,,,,,
,CG3638,,,,,,,,,,,,
,Sr-CIII,,,,,,,,,,,,
,Cf2,,,,,,,,,,,,
,ced-6,,,,,,,,,,,,
,CG10802,,,,,,,,,,,,
,X11Lbeta,,,,,,,,,,,,
,CG12065,,,,,,,,,,,,
,Rack1,,,,,,,,,,,,
,fru,,,,,,,,,,,,
,dpr17,,,,,,,,,,,,
,CG13744,,,,,,,,,,,,
,Klp3A,,,,,,,,,,,,
,Sep-01,,,,,,,,,,,,
,tud,,,,,,,,,,,,
,srp,,,,,,,,,,,,
,Adk3,,,,,,,,,,,,
,lncRNA:CR44331,,,,,,,,,,,,
,Csk,,,,,,,,,,,,
,CG6912,,,,,,,,,,,,
,CG31637,,,,,,,,,,,,
,Tollo,,,,,,,,,,,,
,CG13868,,,,,,,,,,,,
,D2hgdh,,,,,,,,,,,,
,Obp44a,,,,,,,,,,,,
,Ctl1,,,,,,,,,,,,
,CG8051,,,,,,,,,,,,
,HmgZ,,,,,,,,,,,,
,zormin,,,,,,,,,,,,
,promL,,,,,,,,,,,,
,Mec2,,,,,,,,,,,,
,NimC2,,,,,,,,,,,,
,l(2)dtl,,,,,,,,,,,,
,CG3829,,,,,,,,,,,,
,l(1)G0289,,,,,,,,,,,,
,hebe,,,,,,,,,,,,
,CG13887,,,,,,,,,,,,
,Reg-5,,,,,,,,,,,,
,Sec61gamma,,,,,,,,,,,,
,CG5466,,,,,,,,,,,,
,CG6770,,,,,,,,,,,,
,brat,,,,,,,,,,,,
,form3,,,,,,,,,,,,
,Tsp42Eg,,,,,,,,,,,,
,dpp,,,,,,,,,,,,
,RapGAP1,,,,,,,,,,,,
,SP1173,,,,,,,,,,,,
,scaf,,,,,,,,,,,,
,Srlp,,,,,,,,,,,,
,olf186-M,,,,,,,,,,,,
,miple2,,,,,,,,,,,,
,scramb2,,,,,,,,,,,,
,CG14856,,,,,,,,,,,,
,cold,,,,,,,,,,,,
,CG8188,,,,,,,,,,,,
,Myd88,,,,,,,,,,,,
,pbl,,,,,,,,,,,,
,CG3246,,,,,,,,,,,,
,CG1890,,,,,,,,,,,,
,Tob,,,,,,,,,,,,
,Hers,,,,,,,,,,,,
,CG5895,,,,,,,,,,,,
,CG6656,,,,,,,,,,,,
,Cbs,,,,,,,,,,,,
,PlexB,,,,,,,,,,,,
,Inx3,,,,,,,,,,,,
,Tapdelta,,,,,,,,,,,,
,vari,,,,,,,,,,,,
,CG3831,,,,,,,,,,,,
,CG10877,,,,,,,,,,,,
,CG6356,,,,,,,,,,,,
,RecQ5,,,,,,,,,,,,
,RpL23A,,,,,,,,,,,,
,CG43337,,,,,,,,,,,,
,CIAPIN1,,,,,,,,,,,,
,AGBE,,,,,,,,,,,,
,Prestin,,,,,,,,,,,,
,CG5418,,,,,,,,,,,,
,DIP-epsilon,,,,,,,,,,,,
,Nepl21,,,,,,,,,,,,
,apt,,,,,,,,,,,,
,Su(dx),,,,,,,,,,,,
,bol,,,,,,,,,,,,
,bmm,,,,,,,,,,,,
,axo,,,,,,,,,,,,
,CG10126,,,,,,,,,,,,
,Pect,,,,,,,,,,,,
,CG9135,,,,,,,,,,,,
,CG14642,,,,,,,,,,,,
,Ercc1,,,,,,,,,,,,
,Cyt-c1L,,,,,,,,,,,,
,tx,,,,,,,,,,,,
,CG10581,,,,,,,,,,,,
,asRNA:CR43971,,,,,,,,,,,,
,RPA3,,,,,,,,,,,,
,asrij,,,,,,,,,,,,
,Hmr,,,,,,,,,,,,
,ClC-a,,,,,,,,,,,,
,yellow-b,,,,,,,,,,,,
,fra,,,,,,,,,,,,
,Nrk,,,,,,,,,,,,
,C1GalTA,,,,,,,,,,,,
,nudE,,,,,,,,,,,,
,CG15544,,,,,,,,,,,,
,CG15820,,,,,,,,,,,,
,rdog,,,,,,,,,,,,
,CG2126,,,,,,,,,,,,
,ApepP,,,,,,,,,,,,
,Pdha,,,,,,,,,,,,
,CG12025,,,,,,,,,,,,
,AIMP3,,,,,,,,,,,,
,CG31955,,,,,,,,,,,,
,CG9281,,,,,,,,,,,,
,CG7142,,,,,,,,,,,,
,Amacr,,,,,,,,,,,,
,Meltrin,,,,,,,,,,,,
,Fit2,,,,,,,,,,,,
,betaTub97EF,,,,,,,,,,,,
,vib,,,,,,,,,,,,
,CG9008,,,,,,,,,,,,
,kibra,,,,,,,,,,,,
,scf,,,,,,,,,,,,
,CG13907,,,,,,,,,,,,
,CG6583,,,,,,,,,,,,
,WASp,,,,,,,,,,,,
,CG32687,,,,,,,,,,,,
,twz,,,,,,,,,,,,
,sigmar,,,,,,,,,,,,
,CG42458,,,,,,,,,,,,
,CG3961,,,,,,,,,,,,
,Cngl,,,,,,,,,,,,
,Mcad,,,,,,,,,,,,
,pigs,,,,,,,,,,,,
,ringer,,,,,,,,,,,,
,CG10863,,,,,,,,,,,,
,Mal-A5,,,,,,,,,,,,
,CG8229,,,,,,,,,,,,
,CG5973,,,,,,,,,,,,
,CG11658,,,,,,,,,,,,
,unc-5,,,,,,,,,,,,
,CG7324,,,,,,,,,,,,
,CG34325,,,,,,,,,,,,
,CG12910,,,,,,,,,,,,
,CG42524,,,,,,,,,,,,
,axed,,,,,,,,,,,,
,Cyp28d2,,,,,,,,,,,,
,CG9743,,,,,,,,,,,,
,mrn,,,,,,,,,,,,
,yki,,,,,,,,,,,,
,Acbp1,,,,,,,,,,,,
,Klp98A,,,,,,,,,,,,
,NtR,,,,,,,,,,,,
,Sep-02,,,,,,,,,,,,
,TfIIA-S,,,,,,,,,,,,
,Nop17l,,,,,,,,,,,,
,Cks30A,,,,,,,,,,,,
,Cyp6v1,,,,,,,,,,,,
,REPTOR,,,,,,,,,,,,
,Uba5,,,,,,,,,,,,
,CG14780,,,,,,,,,,,,
,RpL22,,,,,,,,,,,,
,mthl10,,,,,,,,,,,,
,cdc14,,,,,,,,,,,,
,CG17834,,,,,,,,,,,,
,CG34056,,,,,,,,,,,,
,Rchy1,,,,,,,,,,,,
,Nplp2,,,,,,,,,,,,
,CG17202,,,,,,,,,,,,
,lncRNA:CR44380,,,,,,,,,,,,
,cbs,,,,,,,,,,,,
,CG3164,,,,,,,,,,,,
,CG3618,,,,,,,,,,,,
,P58IPK,,,,,,,,,,,,
,shop,,,,,,,,,,,,
,Gadd45,,,,,,,,,,,,
,CG42668,,,,,,,,,,,,
,eco,,,,,,,,,,,,
,CG8668,,,,,,,,,,,,
,Irc,,,,,,,,,,,,
,Atg18a,,,,,,,,,,,,
,ppl,,,,,,,,,,,,
,ash2,,,,,,,,,,,,
,NA,,,,,,,,,,,,
,sqz,,,,,,,,,,,,
,RpL4,,,,,,,,,,,,
,CG10764,,,,,,,,,,,,
,bchs,,,,,,,,,,,,
,LKRSDH,,,,,,,,,,,,
,mod,,,,,,,,,,,,
,CG6765,,,,,,,,,,,,
,DNApol-epsilon58,,,,,,,,,,,,
,CG18190,,,,,,,,,,,,
,fs(1)Yb,,,,,,,,,,,,
,CG13308,,,,,,,,,,,,
,CG10011,,,,,,,,,,,,
,egr,,,,,,,,,,,,
,Naam,,,,,,,,,,,,
,pico,,,,,,,,,,,,
,fs(1)N,,,,,,,,,,,,
,CG30344,,,,,,,,,,,,
,CG10638,,,,,,,,,,,,
,CG13117,,,,,,,,,,,,
,Pask,,,,,,,,,,,,
,CG31098,,,,,,,,,,,,
,Tsp42Ee,,,,,,,,,,,,
,CG4538,,,,,,,,,,,,
,l(2)03659,,,,,,,,,,,,
,NA,,,,,,,,,,,,
,piwi,,,,,,,,,,,,
,aay,,,,,,,,,,,,
,Shmt,,,,,,,,,,,,
,sgl,,,,,,,,,,,,
,Sr-CI,,,,,,,,,,,,
,mim,,,,,,,,,,,,
,robo2,,,,,,,,,,,,
,bbc,,,,,,,,,,,,
,Tre1,,,,,,,,,,,,
,Ncc69,,,,,,,,,,,,
,RhoGAP54D,,,,,,,,,,,,
,Flacc,,,,,,,,,,,,
,Strn-Mlck,,,,,,,,,,,,
,spidey,,,,,,,,,,,,
,Ir40a,,,,,,,,,,,,
,Nrx-IV,,,,,,,,,,,,
,ND-42,,,,,,,,,,,,
,Lpin,,,,,,,,,,,,
,CG10232,,,,,,,,,,,,
,Tret1-1,,,,,,,,,,,,
,CG14990,,,,,,,,,,,,
,blanks,,,,,,,,,,,,
,GATAe,,,,,,,,,,,,
,ETHR,,,,,,,,,,,,
,Esyt2,,,,,,,,,,,,
,CG12883,,,,,,,,,,,,
,Cortactin,,,,,,,,,,,,
,betaGlu,,,,,,,,,,,,
,stv,,,,,,,,,,,,
,ATP7,,,,,,,,,,,,
,Rrp1,,,,,,,,,,,,
,Past1,,,,,,,,,,,,
,Idgf1,,,,,,,,,,,,
,Exd2,,,,,,,,,,,,
,pnr,,,,,,,,,,,,
,CG3625,,,,,,,,,,,,
,ninaG,,,,,,,,,,,,
,CG2852,,,,,,,,,,,,
,Pisd,,,,,,,,,,,,
,cic,,,,,,,,,,,,
,rho-4,,,,,,,,,,,,
,CG8613,,,,,,,,,,,,
,fax,,,,,,,,,,,,
,scb,,,,,,,,,,,,
,AGO2,,,,,,,,,,,,
,trx,,,,,,,,,,,,
,cass,,,,,,,,,,,,
,qless,,,,,,,,,,,,
,CG5335,,,,,,,,,,,,
,Atet,,,,,,,,,,,,
,Tep1,,,,,,,,,,,,
,CG10026,,,,,,,,,,,,
,Myo61F,,,,,,,,,,,,
,Pli,,,,,,,,,,,,
,CG42395,,,,,,,,,,,,
,puc,,,,,,,,,,,,
,His2Av,,,,,,,,,,,,
,RhoGAP68F,,,,,,,,,,,,
,scny,,,,,,,,,,,,
,CG32813,,,,,,,,,,,,
,CG5535,,,,,,,,,,,,
,Alas,,,,,,,,,,,,
,Pino,,,,,,,,,,,,
,Pfrx,,,,,,,,,,,,
,peb,,,,,,,,,,,,
,NA,,,,,,,,,,,,
,eIF2Bgamma,,,,,,,,,,,,
,CG8301,,,,,,,,,,,,
,GstD9,,,,,,,,,,,,
,Akap200,,,,,,,,,,,,
,NA,,,,,,,,,,,,
,RpS10b,,,,,,,,,,,,
,glob1,,,,,,,,,,,,
,CG10336,,,,,,,,,,,,
,Corin,,,,,,,,,,,,
,lncRNA:CR44138,,,,,,,,,,,,
,sev,,,,,,,,,,,,
,AOX1,,,,,,,,,,,,
,CG9044,,,,,,,,,,,,
,Rpt6R,,,,,,,,,,,,
,betaggt-II,,,,,,,,,,,,
,NaCP60E,,,,,,,,,,,,
,Ald1,,,,,,,,,,,,
,Jafrac2,,,,,,,,,,,,
,Tina-1,,,,,,,,,,,,
,koko,,,,,,,,,,,,
,Sema5c,,,,,,,,,,,,
,alphaTub85E,,,,,,,,,,,,
,Cyp4e2,,,,,,,,,,,,
,PhKgamma,,,,,,,,,,,,
,crok,,,,,,,,,,,,
,eIF2D,,,,,,,,,,,,
,Wnt5,,,,,,,,,,,,
,CG9727,,,,,,,,,,,,
,ATPsynepsilonL,,,,,,,,,,,,
,betaTub60D,,,,,,,,,,,,
,Gfat2,,,,,,,,,,,,
,Aef1,,,,,,,,,,,,
,CG12702,,,,,,,,,,,,
,Arfip,,,,,,,,,,,,
,MYPT-75D,,,,,,,,,,,,
,CG12581,,,,,,,,,,,,
,CG42846,,,,,,,,,,,,
,Gyg,,,,,,,,,,,,
,ppk13,,,,,,,,,,,,
,Dph1,,,,,,,,,,,,
,Rheb,,,,,,,,,,,,
,mura,,,,,,,,,,,,
,NA,,,,,,,,,,,,
,Tpc1,,,,,,,,,,,,
,CG18596,,,,,,,,,,,,
,ABCA,,,,,,,,,,,,
,lncRNA:CR44785,,,,,,,,,,,,
,Ptip,,,,,,,,,,,,
,Sp212,,,,,,,,,,,,
,Sms,,,,,,,,,,,,
,Rab32,,,,,,,,,,,,
,CG32280,,,,,,,,,,,,
,ImpL2,,,,,,,,,,,,
,Vha100-1,,,,,,,,,,,,
,Nepl19,,,,,,,,,,,,
,nvy,,,,,,,,,,,,
,pyx,,,,,,,,,,,,
,sav,,,,,,,,,,,,
,Sec61alpha,,,,,,,,,,,,
,CG4476,,,,,,,,,,,,
,timeout,,,,,,,,,,,,
,CG2064,,,,,,,,,,,,
,CG10383,,,,,,,,,,,,
,FeCH,,,,,,,,,,,,
,AcCoAS,,,,,,,,,,,,
,Cyp4ad1,,,,,,,,,,,,
,CG15890,,,,,,,,,,,,
,ND-MWFE,,,,,,,,,,,,
,AMPKalpha,,,,,,,,,,,,
,Nek2,,,,,,,,,,,,
,CG13397,,,,,,,,,,,,
,Plod,,,,,,,,,,,,
,CG30046,,,,,,,,,,,,
,cid,,,,,,,,,,,,
,FBXO11,,,,,,,,,,,,
,Pif1A,,,,,,,,,,,,
,iPLA2-VIA,,,,,,,,,,,,
,CG34220,,,,,,,,,,,,
,Mdr49,,,,,,,,,,,,
,aralar1,,,,,,,,,,,,
,CG1673,,,,,,,,,,,,
,CG9733,,,,,,,,,,,,
,CG7627,,,,,,,,,,,,
,WRNexo,,,,,,,,,,,,
,CG42673,,,,,,,,,,,,
,mt:ND6,,,,,,,,,,,,
,Ance-5,,,,,,,,,,,,
,Marf,,,,,,,,,,,,
,plx,,,,,,,,,,,,
,NimB1,,,,,,,,,,,,
,Traf4,,,,,,,,,,,,
,koi,,,,,,,,,,,,
,DNApol-zeta,,,,,,,,,,,,
,lncRNA:CR44513,,,,,,,,,,,,
,CG13747,,,,,,,,,,,,
,eag,,,,,,,,,,,,
,sni,,,,,,,,,,,,
,CG1492,,,,,,,,,,,,
,CalpC,,,,,,,,,,,,
,CHES-1-like,,,,,,,,,,,,
,Ppcs,,,,,,,,,,,,
,eIF4H2,,,,,,,,,,,,
,Mtpbeta,,,,,,,,,,,,
,CG31125,,,,,,,,,,,,
,CG13551,,,,,,,,,,,,
,GstE6,,,,,,,,,,,,
,Aldh7A1,,,,,,,,,,,,
,NA,,,,,,,,,,,,
,Epg5,,,,,,,,,,,,
,Cht2,,,,,,,,,,,,
,GstE9,,,,,,,,,,,,
,CG5646,,,,,,,,,,,,
,Duox,,,,,,,,,,,,
,Ctf4,,,,,,,,,,,,
,lncRNA:CR45820,,,,,,,,,,,,
,Cse1,,,,,,,,,,,,
,sra,,,,,,,,,,,,
,l(2)gd1,,,,,,,,,,,,
,ZnT41F,,,,,,,,,,,,
,slow,,,,,,,,,,,,
,ph-p,,,,,,,,,,,,
,Lnk,,,,,,,,,,,,
,aurA,,,,,,,,,,,,
,Np,,,,,,,,,,,,
,CG2930,,,,,,,,,,,,
,Pdp1,,,,,,,,,,,,
,edin,,,,,,,,,,,,
,CG17896,,,,,,,,,,,,
,mio,,,,,,,,,,,,
,Mdh1,,,,,,,,,,,,
,Ku80,,,,,,,,,,,,
,eIF4A,,,,,,,,,,,,
,Acf,,,,,,,,,,,,
,CG10435,,,,,,,,,,,,
,CG3815,,,,,,,,,,,,
,CG8839,,,,,,,,,,,,
,CG9344,,,,,,,,,,,,
,CG3402,,,,,,,,,,,,
,Crtc,,,,,,,,,,,,
,CG33460,,,,,,,,,,,,
,sage,,,,,,,,,,,,
,CG14442,,,,,,,,,,,,
,wkd,,,,,,,,,,,,
,CG5554,,,,,,,,,,,,
,Cyp6d4,,,,,,,,,,,,
,ND-51,,,,,,,,,,,,
,ena,,,,,,,,,,,,
,CG6847,,,,,,,,,,,,
,Lime,,,,,,,,,,,,
,Cyp6a14,,,,,,,,,,,,
,Spn28Dc,,,,,,,,,,,,
,Nnf1a,,,,,,,,,,,,
,stck,,,,,,,,,,,,
,Graf,,,,,,,,,,,,
,nkd,,,,,,,,,,,,
,Atg101,,,,,,,,,,,,
,AOX3,,,,,,,,,,,,
,Hsc70Cb,,,,,,,,,,,,
,rumi,,,,,,,,,,,,
,CG1998,,,,,,,,,,,,
,CG33181,,,,,,,,,,,,
,Mlc-c,,,,,,,,,,,,
,Kaz1-ORFB,,,,,,,,,,,,
,Tak1,,,,,,,,,,,,
,CG4822,,,,,,,,,,,,
,Poc1,,,,,,,,,,,,
,CG18171,,,,,,,,,,,,
,luna,,,,,,,,,,,,
,Mpcp2,,,,,,,,,,,,
,Ect3,,,,,,,,,,,,
,CG10082,,,,,,,,,,,,
,mew,,,,,,,,,,,,
,PAPLA1,,,,,,,,,,,,
,CG10184,,,,,,,,,,,,
,Arl6IP1,,,,,,,,,,,,
,CTCF,,,,,,,,,,,,
,CG7231,,,,,,,,,,,,
,CG34305,,,,,,,,,,,,
,Cdc45,,,,,,,,,,,,
,obst-A,,,,,,,,,,,,
,Cnb,,,,,,,,,,,,
,Mcm7,,,,,,,,,,,,
,Phb2,,,,,,,,,,,,
,spirit,,,,,,,,,,,,
,Prosalpha4,,,,,,,,,,,,
,CG6512,,,,,,,,,,,,
,Eip78C,,,,,,,,,,,,
,CG5246,,,,,,,,,,,,
,cher,,,,,,,,,,,,
,Mlh1,,,,,,,,,,,,
,CG13937,,,,,,,,,,,,
,TMS1,,,,,,,,,,,,
,SREBP,,,,,,,,,,,,
,CG2065,,,,,,,,,,,,
,CG15365,,,,,,,,,,,,
,Prosbeta3,,,,,,,,,,,,
,CG4927,,,,,,,,,,,,
,CG1824,,,,,,,,,,,,
,TBC1D23,,,,,,,,,,,,
,kune,,,,,,,,,,,,
,sba,,,,,,,,,,,,
,CG10321,,,,,,,,,,,,
,CG31808,,,,,,,,,,,,
,CG33056,,,,,,,,,,,,
,Rpn5,,,,,,,,,,,,
,pain,,,,,,,,,,,,
,CG15093,,,,,,,,,,,,
,lbm,,,,,,,,,,,,
,CG3038,,,,,,,,,,,,
,Pif1,,,,,,,,,,,,
,CG9521,,,,,,,,,,,,
,CG12237,,,,,,,,,,,,
,kraken,,,,,,,,,,,,
,CG15118,,,,,,,,,,,,
,Mur2B,,,,,,,,,,,,
,CG42797,,,,,,,,,,,,
,CG10337,,,,,,,,,,,,
,bab1,,,,,,,,,,,,
,SF1,,,,,,,,,,,,
,Tomosyn,,,,,,,,,,,,
,Cad86C,,,,,,,,,,,,
,PIG-F,,,,,,,,,,,,
,CG43968,,,,,,,,,,,,
,Snoo,,,,,,,,,,,,
,NijA,,,,,,,,,,,,
,CG7744,,,,,,,,,,,,
,Galt,,,,,,,,,,,,
,blow,,,,,,,,,,,,
,gfzf,,,,,,,,,,,,
,su(sable),,,,,,,,,,,,
,dl,,,,,,,,,,,,
,SmD2,,,,,,,,,,,,
,CG14253,,,,,,,,,,,,
,Bmcp,,,,,,,,,,,,
,Gr61a,,,,,,,,,,,,
,CG42235,,,,,,,,,,,,
,by,,,,,,,,,,,,
,CG2277,,,,,,,,,,,,
,CG8516,,,,,,,,,,,,
,ken,,,,,,,,,,,,
,Trx-2,,,,,,,,,,,,
,Rca1,,,,,,,,,,,,
,CG5599,,,,,,,,,,,,
,Smr,,,,,,,,,,,,
,CG14441,,,,,,,,,,,,
,lncRNA:CR43264,,,,,,,,,,,,
,CG2186,,,,,,,,,,,,
,CG42807,,,,,,,,,,,,
,C3G,,,,,,,,,,,,
,CG5913,,,,,,,,,,,,
,ed,,,,,,,,,,,,
,Mlc2,,,,,,,,,,,,
,Droj2,,,,,,,,,,,,
,mRpL34,,,,,,,,,,,,
,CG12934,,,,,,,,,,,,
,ITP,,,,,,,,,,,,
,CG15117,,,,,,,,,,,,
,REPTOR-BP,,,,,,,,,,,,
,Su(z)12,,,,,,,,,,,,
,Patronin,,,,,,,,,,,,
,CG42566,,,,,,,,,,,,
,Claspin,,,,,,,,,,,,
,msn,,,,,,,,,,,,
,ERp60,,,,,,,,,,,,
,ago,,,,,,,,,,,,
,ry,,,,,,,,,,,,
,CG17928,,,,,,,,,,,,
,CG6495,,,,,,,,,,,,
,CG13921,,,,,,,,,,,,
,CycC,,,,,,,,,,,,
,Tom7,,,,,,,,,,,,
